method,model_name,task_name,train_subset_size,seed,accuracy,majority_baseline,collapsed,trainable_parameters,peft_parameters,classifier_parameters,ia3_mode,elapsed_seconds,learning_rate,batch_size,max_length,warmup_ratio,max_grad_norm,bf16,num_train_epochs,seed_semantics
bitfit,bert-base-uncased,mrpc,80,31,0.6838235294117647,0.6838235294117647,False,104450,102912,1538,,0.8,0.0002,16,128,0.1,1.0,True,10,controls data_subsample + model_init + adapter_init + classifier_init + dataloader_shuffle
bitfit,bert-base-uncased,mrpc,80,37,0.6838235294117647,0.6838235294117647,False,104450,102912,1538,,0.9,0.0002,16,128,0.1,1.0,True,10,controls data_subsample + model_init + adapter_init + classifier_init + dataloader_shuffle
bitfit,bert-base-uncased,mrpc,80,41,0.6838235294117647,0.6838235294117647,False,104450,102912,1538,,0.9,0.0002,16,128,0.1,1.0,True,10,controls data_subsample + model_init + adapter_init + classifier_init + dataloader_shuffle
bitfit,bert-base-uncased,mrpc,320,31,0.6838235294117647,0.6838235294117647,False,104450,102912,1538,,3.5,0.0002,16,128,0.1,1.0,True,10,controls data_subsample + model_init + adapter_init + classifier_init + dataloader_shuffle
bitfit,bert-base-uncased,mrpc,320,37,0.6838235294117647,0.6838235294117647,False,104450,102912,1538,,2.9,0.0002,16,128,0.1,1.0,True,10,controls data_subsample + model_init + adapter_init + classifier_init + dataloader_shuffle
bitfit,bert-base-uncased,mrpc,320,41,0.6838235294117647,0.6838235294117647,False,104450,102912,1538,,3.9,0.0002,16,128,0.1,1.0,True,10,controls data_subsample + model_init + adapter_init + classifier_init + dataloader_shuffle
bitfit,bert-base-uncased,mrpc,1280,31,0.7524509803921569,0.6838235294117647,False,104450,102912,1538,,11.6,0.0002,16,128,0.1,1.0,True,10,controls data_subsample + model_init + adapter_init + classifier_init + dataloader_shuffle
bitfit,bert-base-uncased,mrpc,1280,37,0.7181372549019608,0.6838235294117647,False,104450,102912,1538,,12.2,0.0002,16,128,0.1,1.0,True,10,controls data_subsample + model_init + adapter_init + classifier_init + dataloader_shuffle
bitfit,bert-base-uncased,mrpc,1280,41,0.7401960784313726,0.6838235294117647,False,104450,102912,1538,,11.5,0.0002,16,128,0.1,1.0,True,10,controls data_subsample + model_init + adapter_init + classifier_init + dataloader_shuffle
bitfit_ia3,bert-base-uncased,mrpc,80,31,0.6838235294117647,0.6838235294117647,False,132100,130560,1540,peft_native,1.2,0.0002,16,128,0.1,1.0,True,10,controls data_subsample + model_init + adapter_init + classifier_init + dataloader_shuffle
bitfit_ia3,bert-base-uncased,mrpc,80,37,0.6838235294117647,0.6838235294117647,False,132100,130560,1540,peft_native,1.4,0.0002,16,128,0.1,1.0,True,10,controls data_subsample + model_init + adapter_init + classifier_init + dataloader_shuffle
bitfit_ia3,bert-base-uncased,mrpc,80,41,0.6838235294117647,0.6838235294117647,False,132100,130560,1540,peft_native,1.2,0.0002,16,128,0.1,1.0,True,10,controls data_subsample + model_init + adapter_init + classifier_init + dataloader_shuffle
bitfit_ia3,bert-base-uncased,mrpc,320,31,0.6838235294117647,0.6838235294117647,False,132100,130560,1540,peft_native,4.3,0.0002,16,128,0.1,1.0,True,10,controls data_subsample + model_init + adapter_init + classifier_init + dataloader_shuffle
bitfit_ia3,bert-base-uncased,mrpc,320,37,0.6838235294117647,0.6838235294117647,False,132100,130560,1540,peft_native,4.4,0.0002,16,128,0.1,1.0,True,10,controls data_subsample + model_init + adapter_init + classifier_init + dataloader_shuffle
bitfit_ia3,bert-base-uncased,mrpc,320,41,0.6838235294117647,0.6838235294117647,False,132100,130560,1540,peft_native,4.7,0.0002,16,128,0.1,1.0,True,10,controls data_subsample + model_init + adapter_init + classifier_init + dataloader_shuffle
bitfit_ia3,bert-base-uncased,mrpc,1280,31,0.7598039215686274,0.6838235294117647,False,132100,130560,1540,peft_native,18.0,0.0002,16,128,0.1,1.0,True,10,controls data_subsample + model_init + adapter_init + classifier_init + dataloader_shuffle
bitfit_ia3,bert-base-uncased,mrpc,1280,37,0.7230392156862745,0.6838235294117647,False,132100,130560,1540,peft_native,19.5,0.0002,16,128,0.1,1.0,True,10,controls data_subsample + model_init + adapter_init + classifier_init + dataloader_shuffle
bitfit_ia3,bert-base-uncased,mrpc,1280,41,0.7450980392156863,0.6838235294117647,False,132100,130560,1540,peft_native,17.9,0.0002,16,128,0.1,1.0,True,10,controls data_subsample + model_init + adapter_init + classifier_init + dataloader_shuffle
ia3,bert-base-uncased,mrpc,80,31,0.6838235294117647,0.6838235294117647,False,29186,27648,1538,peft_native,1.0,0.0002,16,128,0.1,1.0,True,10,controls data_subsample + model_init + adapter_init + classifier_init + dataloader_shuffle
ia3,bert-base-uncased,mrpc,80,37,0.6838235294117647,0.6838235294117647,False,29186,27648,1538,peft_native,1.0,0.0002,16,128,0.1,1.0,True,10,controls data_subsample + model_init + adapter_init + classifier_init + dataloader_shuffle
ia3,bert-base-uncased,mrpc,80,41,0.6838235294117647,0.6838235294117647,False,29186,27648,1538,peft_native,1.1,0.0002,16,128,0.1,1.0,True,10,controls data_subsample + model_init + adapter_init + classifier_init + dataloader_shuffle
ia3,bert-base-uncased,mrpc,320,31,0.6838235294117647,0.6838235294117647,False,29186,27648,1538,peft_native,4.3,0.0002,16,128,0.1,1.0,True,10,controls data_subsample + model_init + adapter_init + classifier_init + dataloader_shuffle
ia3,bert-base-uncased,mrpc,320,37,0.6838235294117647,0.6838235294117647,False,29186,27648,1538,peft_native,3.7,0.0002,16,128,0.1,1.0,True,10,controls data_subsample + model_init + adapter_init + classifier_init + dataloader_shuffle
ia3,bert-base-uncased,mrpc,320,41,0.6838235294117647,0.6838235294117647,False,29186,27648,1538,peft_native,4.7,0.0002,16,128,0.1,1.0,True,10,controls data_subsample + model_init + adapter_init + classifier_init + dataloader_shuffle
ia3,bert-base-uncased,mrpc,1280,31,0.6838235294117647,0.6838235294117647,False,29186,27648,1538,peft_native,14.8,0.0002,16,128,0.1,1.0,True,10,controls data_subsample + model_init + adapter_init + classifier_init + dataloader_shuffle
ia3,bert-base-uncased,mrpc,1280,37,0.6838235294117647,0.6838235294117647,False,29186,27648,1538,peft_native,15.3,0.0002,16,128,0.1,1.0,True,10,controls data_subsample + model_init + adapter_init + classifier_init + dataloader_shuffle
ia3,bert-base-uncased,mrpc,1280,41,0.6838235294117647,0.6838235294117647,False,29186,27648,1538,peft_native,14.7,0.0002,16,128,0.1,1.0,True,10,controls data_subsample + model_init + adapter_init + classifier_init + dataloader_shuffle
lora,bert-base-uncased,mrpc,80,31,0.6838235294117647,0.6838235294117647,False,296450,294912,1538,,1.2,0.0002,16,128,0.1,1.0,True,10,controls data_subsample + model_init + adapter_init + classifier_init + dataloader_shuffle
lora,bert-base-uncased,mrpc,80,37,0.6838235294117647,0.6838235294117647,False,296450,294912,1538,,1.2,0.0002,16,128,0.1,1.0,True,10,controls data_subsample + model_init + adapter_init + classifier_init + dataloader_shuffle
lora,bert-base-uncased,mrpc,80,41,0.6838235294117647,0.6838235294117647,False,296450,294912,1538,,1.3,0.0002,16,128,0.1,1.0,True,10,controls data_subsample + model_init + adapter_init + classifier_init + dataloader_shuffle
lora,bert-base-uncased,mrpc,320,31,0.7107843137254902,0.6838235294117647,False,296450,294912,1538,,4.7,0.0002,16,128,0.1,1.0,True,10,controls data_subsample + model_init + adapter_init + classifier_init + dataloader_shuffle
lora,bert-base-uncased,mrpc,320,37,0.7132352941176471,0.6838235294117647,False,296450,294912,1538,,4.2,0.0002,16,128,0.1,1.0,True,10,controls data_subsample + model_init + adapter_init + classifier_init + dataloader_shuffle
lora,bert-base-uncased,mrpc,320,41,0.7034313725490197,0.6838235294117647,False,296450,294912,1538,,5.8,0.0002,16,128,0.1,1.0,True,10,controls data_subsample + model_init + adapter_init + classifier_init + dataloader_shuffle
lora,bert-base-uncased,mrpc,1280,31,0.821078431372549,0.6838235294117647,False,296450,294912,1538,,16.7,0.0002,16,128,0.1,1.0,True,10,controls data_subsample + model_init + adapter_init + classifier_init + dataloader_shuffle
lora,bert-base-uncased,mrpc,1280,37,0.7916666666666666,0.6838235294117647,False,296450,294912,1538,,16.9,0.0002,16,128,0.1,1.0,True,10,controls data_subsample + model_init + adapter_init + classifier_init + dataloader_shuffle
lora,bert-base-uncased,mrpc,1280,41,0.7941176470588235,0.6838235294117647,False,296450,294912,1538,,16.5,0.0002,16,128,0.1,1.0,True,10,controls data_subsample + model_init + adapter_init + classifier_init + dataloader_shuffle
lora_bitfit,bert-base-uncased,mrpc,80,31,0.6838235294117647,0.6838235294117647,False,399364,397824,1540,,1.3,0.0002,16,128,0.1,1.0,True,10,controls data_subsample + model_init + adapter_init + classifier_init + dataloader_shuffle
lora_bitfit,bert-base-uncased,mrpc,80,37,0.6838235294117647,0.6838235294117647,False,399364,397824,1540,,1.5,0.0002,16,128,0.1,1.0,True,10,controls data_subsample + model_init + adapter_init + classifier_init + dataloader_shuffle
lora_bitfit,bert-base-uncased,mrpc,80,41,0.6838235294117647,0.6838235294117647,False,399364,397824,1540,,1.3,0.0002,16,128,0.1,1.0,True,10,controls data_subsample + model_init + adapter_init + classifier_init + dataloader_shuffle
lora_bitfit,bert-base-uncased,mrpc,320,31,0.6985294117647058,0.6838235294117647,False,399364,397824,1540,,5.1,0.0002,16,128,0.1,1.0,True,10,controls data_subsample + model_init + adapter_init + classifier_init + dataloader_shuffle
lora_bitfit,bert-base-uncased,mrpc,320,37,0.7254901960784313,0.6838235294117647,False,399364,397824,1540,,4.9,0.0002,16,128,0.1,1.0,True,10,controls data_subsample + model_init + adapter_init + classifier_init + dataloader_shuffle
lora_bitfit,bert-base-uncased,mrpc,320,41,0.7083333333333334,0.6838235294117647,False,399364,397824,1540,,5.9,0.0002,16,128,0.1,1.0,True,10,controls data_subsample + model_init + adapter_init + classifier_init + dataloader_shuffle
lora_bitfit,bert-base-uncased,mrpc,1280,31,0.8186274509803921,0.6838235294117647,False,399364,397824,1540,,21.7,0.0002,16,128,0.1,1.0,True,10,controls data_subsample + model_init + adapter_init + classifier_init + dataloader_shuffle
lora_bitfit,bert-base-uncased,mrpc,1280,37,0.7941176470588235,0.6838235294117647,False,399364,397824,1540,,19.8,0.0002,16,128,0.1,1.0,True,10,controls data_subsample + model_init + adapter_init + classifier_init + dataloader_shuffle
lora_bitfit,bert-base-uncased,mrpc,1280,41,0.7990196078431373,0.6838235294117647,False,399364,397824,1540,,20.4,0.0002,16,128,0.1,1.0,True,10,controls data_subsample + model_init + adapter_init + classifier_init + dataloader_shuffle
lora_bitfit_ia3,bert-base-uncased,mrpc,80,31,0.6838235294117647,0.6838235294117647,False,427012,425472,1540,manual_hook,1.5,0.0002,16,128,0.1,1.0,True,10,controls data_subsample + model_init + adapter_init + classifier_init + dataloader_shuffle
lora_bitfit_ia3,bert-base-uncased,mrpc,80,37,0.6838235294117647,0.6838235294117647,False,427012,425472,1540,manual_hook,1.5,0.0002,16,128,0.1,1.0,True,10,controls data_subsample + model_init + adapter_init + classifier_init + dataloader_shuffle
lora_bitfit_ia3,bert-base-uncased,mrpc,80,41,0.6838235294117647,0.6838235294117647,False,427012,425472,1540,manual_hook,1.5,0.0002,16,128,0.1,1.0,True,10,controls data_subsample + model_init + adapter_init + classifier_init + dataloader_shuffle
lora_bitfit_ia3,bert-base-uncased,mrpc,320,31,0.6985294117647058,0.6838235294117647,False,427012,425472,1540,manual_hook,5.5,0.0002,16,128,0.1,1.0,True,10,controls data_subsample + model_init + adapter_init + classifier_init + dataloader_shuffle
lora_bitfit_ia3,bert-base-uncased,mrpc,320,37,0.7254901960784313,0.6838235294117647,False,427012,425472,1540,manual_hook,6.3,0.0002,16,128,0.1,1.0,True,10,controls data_subsample + model_init + adapter_init + classifier_init + dataloader_shuffle
lora_bitfit_ia3,bert-base-uncased,mrpc,320,41,0.7083333333333334,0.6838235294117647,False,427012,425472,1540,manual_hook,5.9,0.0002,16,128,0.1,1.0,True,10,controls data_subsample + model_init + adapter_init + classifier_init + dataloader_shuffle
lora_bitfit_ia3,bert-base-uncased,mrpc,1280,31,0.8308823529411765,0.6838235294117647,False,427012,425472,1540,manual_hook,22.0,0.0002,16,128,0.1,1.0,True,10,controls data_subsample + model_init + adapter_init + classifier_init + dataloader_shuffle
lora_bitfit_ia3,bert-base-uncased,mrpc,1280,37,0.7916666666666666,0.6838235294117647,False,427012,425472,1540,manual_hook,25.1,0.0002,16,128,0.1,1.0,True,10,controls data_subsample + model_init + adapter_init + classifier_init + dataloader_shuffle
lora_bitfit_ia3,bert-base-uncased,mrpc,1280,41,0.803921568627451,0.6838235294117647,False,427012,425472,1540,manual_hook,21.8,0.0002,16,128,0.1,1.0,True,10,controls data_subsample + model_init + adapter_init + classifier_init + dataloader_shuffle
lora_ia3,bert-base-uncased,mrpc,80,31,0.6838235294117647,0.6838235294117647,False,324098,322560,1538,manual_hook,1.3,0.0002,16,128,0.1,1.0,True,10,controls data_subsample + model_init + adapter_init + classifier_init + dataloader_shuffle
lora_ia3,bert-base-uncased,mrpc,80,37,0.6838235294117647,0.6838235294117647,False,324098,322560,1538,manual_hook,1.4,0.0002,16,128,0.1,1.0,True,10,controls data_subsample + model_init + adapter_init + classifier_init + dataloader_shuffle
lora_ia3,bert-base-uncased,mrpc,80,41,0.6838235294117647,0.6838235294117647,False,324098,322560,1538,manual_hook,1.4,0.0002,16,128,0.1,1.0,True,10,controls data_subsample + model_init + adapter_init + classifier_init + dataloader_shuffle
lora_ia3,bert-base-uncased,mrpc,320,31,0.7107843137254902,0.6838235294117647,False,324098,322560,1538,manual_hook,4.8,0.0002,16,128,0.1,1.0,True,10,controls data_subsample + model_init + adapter_init + classifier_init + dataloader_shuffle
lora_ia3,bert-base-uncased,mrpc,320,37,0.7083333333333334,0.6838235294117647,False,324098,322560,1538,manual_hook,4.8,0.0002,16,128,0.1,1.0,True,10,controls data_subsample + model_init + adapter_init + classifier_init + dataloader_shuffle
lora_ia3,bert-base-uncased,mrpc,320,41,0.7034313725490197,0.6838235294117647,False,324098,322560,1538,manual_hook,5.0,0.0002,16,128,0.1,1.0,True,10,controls data_subsample + model_init + adapter_init + classifier_init + dataloader_shuffle
lora_ia3,bert-base-uncased,mrpc,1280,31,0.8186274509803921,0.6838235294117647,False,324098,322560,1538,manual_hook,23.3,0.0002,16,128,0.1,1.0,True,10,controls data_subsample + model_init + adapter_init + classifier_init + dataloader_shuffle
lora_ia3,bert-base-uncased,mrpc,1280,37,0.7965686274509803,0.6838235294117647,False,324098,322560,1538,manual_hook,19.3,0.0002,16,128,0.1,1.0,True,10,controls data_subsample + model_init + adapter_init + classifier_init + dataloader_shuffle
lora_ia3,bert-base-uncased,mrpc,1280,41,0.7941176470588235,0.6838235294117647,False,324098,322560,1538,manual_hook,24.3,0.0002,16,128,0.1,1.0,True,10,controls data_subsample + model_init + adapter_init + classifier_init + dataloader_shuffle
lora_param_matched_r12,bert-base-uncased,mrpc,80,31,0.6838235294117647,0.6838235294117647,False,443906,442368,1538,,1.2,0.0002,16,128,0.1,1.0,True,10,controls data_subsample + model_init + adapter_init + classifier_init + dataloader_shuffle
lora_param_matched_r12,bert-base-uncased,mrpc,80,37,0.6838235294117647,0.6838235294117647,False,443906,442368,1538,,1.3,0.0002,16,128,0.1,1.0,True,10,controls data_subsample + model_init + adapter_init + classifier_init + dataloader_shuffle
lora_param_matched_r12,bert-base-uncased,mrpc,80,41,0.6838235294117647,0.6838235294117647,False,443906,442368,1538,,1.2,0.0002,16,128,0.1,1.0,True,10,controls data_subsample + model_init + adapter_init + classifier_init + dataloader_shuffle
lora_param_matched_r12,bert-base-uncased,mrpc,320,31,0.696078431372549,0.6838235294117647,False,443906,442368,1538,,4.1,0.0002,16,128,0.1,1.0,True,10,controls data_subsample + model_init + adapter_init + classifier_init + dataloader_shuffle
lora_param_matched_r12,bert-base-uncased,mrpc,320,37,0.7328431372549019,0.6838235294117647,False,443906,442368,1538,,5.4,0.0002,16,128,0.1,1.0,True,10,controls data_subsample + model_init + adapter_init + classifier_init + dataloader_shuffle
lora_param_matched_r12,bert-base-uncased,mrpc,320,41,0.7058823529411765,0.6838235294117647,False,443906,442368,1538,,4.8,0.0002,16,128,0.1,1.0,True,10,controls data_subsample + model_init + adapter_init + classifier_init + dataloader_shuffle
lora_param_matched_r12,bert-base-uncased,mrpc,1280,31,0.8161764705882353,0.6838235294117647,False,443906,442368,1538,,16.4,0.0002,16,128,0.1,1.0,True,10,controls data_subsample + model_init + adapter_init + classifier_init + dataloader_shuffle
lora_param_matched_r12,bert-base-uncased,mrpc,1280,37,0.7794117647058824,0.6838235294117647,False,443906,442368,1538,,19.1,0.0002,16,128,0.1,1.0,True,10,controls data_subsample + model_init + adapter_init + classifier_init + dataloader_shuffle
lora_param_matched_r12,bert-base-uncased,mrpc,1280,41,0.8063725490196079,0.6838235294117647,False,443906,442368,1538,,16.2,0.0002,16,128,0.1,1.0,True,10,controls data_subsample + model_init + adapter_init + classifier_init + dataloader_shuffle
bitfit,bert-base-uncased,qnli,80,31,0.5874061870766978,0.5053999633900788,False,104450,102912,1538,,1.9,0.0002,16,128,0.1,1.0,True,10,controls data_subsample + model_init + adapter_init + classifier_init + dataloader_shuffle
bitfit,bert-base-uncased,qnli,80,37,0.6267618524620172,0.5053999633900788,False,104450,102912,1538,,2.1,0.0002,16,128,0.1,1.0,True,10,controls data_subsample + model_init + adapter_init + classifier_init + dataloader_shuffle
bitfit,bert-base-uncased,qnli,80,41,0.5698334248581366,0.5053999633900788,False,104450,102912,1538,,1.8,0.0002,16,128,0.1,1.0,True,10,controls data_subsample + model_init + adapter_init + classifier_init + dataloader_shuffle
bitfit,bert-base-uncased,qnli,320,31,0.6646531209957899,0.5053999633900788,False,104450,102912,1538,,3.8,0.0002,16,128,0.1,1.0,True,10,controls data_subsample + model_init + adapter_init + classifier_init + dataloader_shuffle
bitfit,bert-base-uncased,qnli,320,37,0.6683141131246568,0.5053999633900788,False,104450,102912,1538,,4.7,0.0002,16,128,0.1,1.0,True,10,controls data_subsample + model_init + adapter_init + classifier_init + dataloader_shuffle
bitfit,bert-base-uncased,qnli,320,41,0.6306058941973275,0.5053999633900788,False,104450,102912,1538,,4.9,0.0002,16,128,0.1,1.0,True,10,controls data_subsample + model_init + adapter_init + classifier_init + dataloader_shuffle
bitfit,bert-base-uncased,qnli,1280,31,0.7215815485996705,0.5053999633900788,False,104450,102912,1538,,13.3,0.0002,16,128,0.1,1.0,True,10,controls data_subsample + model_init + adapter_init + classifier_init + dataloader_shuffle
bitfit,bert-base-uncased,qnli,1280,37,0.7338458722313747,0.5053999633900788,False,104450,102912,1538,,12.4,0.0002,16,128,0.1,1.0,True,10,controls data_subsample + model_init + adapter_init + classifier_init + dataloader_shuffle
bitfit,bert-base-uncased,qnli,1280,41,0.6904631155043016,0.5053999633900788,False,104450,102912,1538,,12.3,0.0002,16,128,0.1,1.0,True,10,controls data_subsample + model_init + adapter_init + classifier_init + dataloader_shuffle
bitfit_ia3,bert-base-uncased,qnli,80,31,0.5888705839282445,0.5053999633900788,False,132100,130560,1540,peft_native,2.5,0.0002,16,128,0.1,1.0,True,10,controls data_subsample + model_init + adapter_init + classifier_init + dataloader_shuffle
bitfit_ia3,bert-base-uncased,qnli,80,37,0.628226249313564,0.5053999633900788,False,132100,130560,1540,peft_native,2.5,0.0002,16,128,0.1,1.0,True,10,controls data_subsample + model_init + adapter_init + classifier_init + dataloader_shuffle
bitfit_ia3,bert-base-uncased,qnli,80,41,0.5696503752516933,0.5053999633900788,False,132100,130560,1540,peft_native,2.7,0.0002,16,128,0.1,1.0,True,10,controls data_subsample + model_init + adapter_init + classifier_init + dataloader_shuffle
bitfit_ia3,bert-base-uncased,qnli,320,31,0.66684971627311,0.5053999633900788,False,132100,130560,1540,peft_native,5.9,0.0002,16,128,0.1,1.0,True,10,controls data_subsample + model_init + adapter_init + classifier_init + dataloader_shuffle
bitfit_ia3,bert-base-uncased,qnli,320,37,0.6767343950210507,0.5053999633900788,False,132100,130560,1540,peft_native,5.6,0.0002,16,128,0.1,1.0,True,10,controls data_subsample + model_init + adapter_init + classifier_init + dataloader_shuffle
bitfit_ia3,bert-base-uncased,qnli,320,41,0.6348160351455244,0.5053999633900788,False,132100,130560,1540,peft_native,5.6,0.0002,16,128,0.1,1.0,True,10,controls data_subsample + model_init + adapter_init + classifier_init + dataloader_shuffle
bitfit_ia3,bert-base-uncased,qnli,1280,31,0.7321984257733846,0.5053999633900788,False,132100,130560,1540,peft_native,18.9,0.0002,16,128,0.1,1.0,True,10,controls data_subsample + model_init + adapter_init + classifier_init + dataloader_shuffle
bitfit_ia3,bert-base-uncased,qnli,1280,37,0.7470254438952956,0.5053999633900788,False,132100,130560,1540,peft_native,18.3,0.0002,16,128,0.1,1.0,True,10,controls data_subsample + model_init + adapter_init + classifier_init + dataloader_shuffle
bitfit_ia3,bert-base-uncased,qnli,1280,41,0.704374885593996,0.5053999633900788,False,132100,130560,1540,peft_native,18.4,0.0002,16,128,0.1,1.0,True,10,controls data_subsample + model_init + adapter_init + classifier_init + dataloader_shuffle
ia3,bert-base-uncased,qnli,80,31,0.5892366831411312,0.5053999633900788,False,29186,27648,1538,peft_native,2.5,0.0002,16,128,0.1,1.0,True,10,controls data_subsample + model_init + adapter_init + classifier_init + dataloader_shuffle
ia3,bert-base-uncased,qnli,80,37,0.5689181768259198,0.5053999633900788,False,29186,27648,1538,peft_native,2.6,0.0002,16,128,0.1,1.0,True,10,controls data_subsample + model_init + adapter_init + classifier_init + dataloader_shuffle
ia3,bert-base-uncased,qnli,80,41,0.5357861980596742,0.5053999633900788,False,29186,27648,1538,peft_native,2.7,0.0002,16,128,0.1,1.0,True,10,controls data_subsample + model_init + adapter_init + classifier_init + dataloader_shuffle
ia3,bert-base-uncased,qnli,320,31,0.6317041918359876,0.5053999633900788,False,29186,27648,1538,peft_native,5.4,0.0002,16,128,0.1,1.0,True,10,controls data_subsample + model_init + adapter_init + classifier_init + dataloader_shuffle
ia3,bert-base-uncased,qnli,320,37,0.6198059674171701,0.5053999633900788,False,29186,27648,1538,peft_native,5.9,0.0002,16,128,0.1,1.0,True,10,controls data_subsample + model_init + adapter_init + classifier_init + dataloader_shuffle
ia3,bert-base-uncased,qnli,320,41,0.5791689547867472,0.5053999633900788,False,29186,27648,1538,peft_native,6.1,0.0002,16,128,0.1,1.0,True,10,controls data_subsample + model_init + adapter_init + classifier_init + dataloader_shuffle
ia3,bert-base-uncased,qnli,1280,31,0.6622734761120264,0.5053999633900788,False,29186,27648,1538,peft_native,15.7,0.0002,16,128,0.1,1.0,True,10,controls data_subsample + model_init + adapter_init + classifier_init + dataloader_shuffle
ia3,bert-base-uncased,qnli,1280,37,0.6575141863444993,0.5053999633900788,False,29186,27648,1538,peft_native,16.3,0.0002,16,128,0.1,1.0,True,10,controls data_subsample + model_init + adapter_init + classifier_init + dataloader_shuffle
ia3,bert-base-uncased,qnli,1280,41,0.6476295075965587,0.5053999633900788,False,29186,27648,1538,peft_native,21.2,0.0002,16,128,0.1,1.0,True,10,controls data_subsample + model_init + adapter_init + classifier_init + dataloader_shuffle
lora,bert-base-uncased,qnli,80,31,0.5960095185795351,0.5053999633900788,False,296450,294912,1538,,2.7,0.0002,16,128,0.1,1.0,True,10,controls data_subsample + model_init + adapter_init + classifier_init + dataloader_shuffle
lora,bert-base-uncased,qnli,80,37,0.6487278052352188,0.5053999633900788,False,296450,294912,1538,,3.0,0.0002,16,128,0.1,1.0,True,10,controls data_subsample + model_init + adapter_init + classifier_init + dataloader_shuffle
lora,bert-base-uncased,qnli,80,41,0.5676368295808164,0.5053999633900788,False,296450,294912,1538,,2.6,0.0002,16,128,0.1,1.0,True,10,controls data_subsample + model_init + adapter_init + classifier_init + dataloader_shuffle
lora,bert-base-uncased,qnli,320,31,0.7085850265421929,0.5053999633900788,False,296450,294912,1538,,5.6,0.0002,16,128,0.1,1.0,True,10,controls data_subsample + model_init + adapter_init + classifier_init + dataloader_shuffle
lora,bert-base-uncased,qnli,320,37,0.7197510525352371,0.5053999633900788,False,296450,294912,1538,,6.1,0.0002,16,128,0.1,1.0,True,10,controls data_subsample + model_init + adapter_init + classifier_init + dataloader_shuffle
lora,bert-base-uncased,qnli,320,41,0.7358594179022515,0.5053999633900788,False,296450,294912,1538,,5.7,0.0002,16,128,0.1,1.0,True,10,controls data_subsample + model_init + adapter_init + classifier_init + dataloader_shuffle
lora,bert-base-uncased,qnli,1280,31,0.8074318140215998,0.5053999633900788,False,296450,294912,1538,,18.8,0.0002,16,128,0.1,1.0,True,10,controls data_subsample + model_init + adapter_init + classifier_init + dataloader_shuffle
lora,bert-base-uncased,qnli,1280,37,0.8094453596924767,0.5053999633900788,False,296450,294912,1538,,22.9,0.0002,16,128,0.1,1.0,True,10,controls data_subsample + model_init + adapter_init + classifier_init + dataloader_shuffle
lora,bert-base-uncased,qnli,1280,41,0.8217096833241808,0.5053999633900788,False,296450,294912,1538,,18.1,0.0002,16,128,0.1,1.0,True,10,controls data_subsample + model_init + adapter_init + classifier_init + dataloader_shuffle
lora_bitfit,bert-base-uncased,qnli,80,31,0.5974739154310819,0.5053999633900788,False,399364,397824,1540,,2.8,0.0002,16,128,0.1,1.0,True,10,controls data_subsample + model_init + adapter_init + classifier_init + dataloader_shuffle
lora_bitfit,bert-base-uncased,qnli,80,37,0.6741717005308439,0.5053999633900788,False,399364,397824,1540,,3.1,0.0002,16,128,0.1,1.0,True,10,controls data_subsample + model_init + adapter_init + classifier_init + dataloader_shuffle
lora_bitfit,bert-base-uncased,qnli,80,41,0.5956434193666483,0.5053999633900788,False,399364,397824,1540,,3.4,0.0002,16,128,0.1,1.0,True,10,controls data_subsample + model_init + adapter_init + classifier_init + dataloader_shuffle
lora_bitfit,bert-base-uncased,qnli,320,31,0.7290865824638477,0.5053999633900788,False,399364,397824,1540,,6.3,0.0002,16,128,0.1,1.0,True,10,controls data_subsample + model_init + adapter_init + classifier_init + dataloader_shuffle
lora_bitfit,bert-base-uncased,qnli,320,37,0.7378729635731284,0.5053999633900788,False,399364,397824,1540,,7.3,0.0002,16,128,0.1,1.0,True,10,controls data_subsample + model_init + adapter_init + classifier_init + dataloader_shuffle
lora_bitfit,bert-base-uncased,qnli,320,41,0.7395204100311185,0.5053999633900788,False,399364,397824,1540,,6.8,0.0002,16,128,0.1,1.0,True,10,controls data_subsample + model_init + adapter_init + classifier_init + dataloader_shuffle
lora_bitfit,bert-base-uncased,qnli,1280,31,0.8160351455244371,0.5053999633900788,False,399364,397824,1540,,23.4,0.0002,16,128,0.1,1.0,True,10,controls data_subsample + model_init + adapter_init + classifier_init + dataloader_shuffle
lora_bitfit,bert-base-uncased,qnli,1280,37,0.8066996155958265,0.5053999633900788,False,399364,397824,1540,,20.5,0.0002,16,128,0.1,1.0,True,10,controls data_subsample + model_init + adapter_init + classifier_init + dataloader_shuffle
lora_bitfit,bert-base-uncased,qnli,1280,41,0.8198791872597474,0.5053999633900788,False,399364,397824,1540,,21.5,0.0002,16,128,0.1,1.0,True,10,controls data_subsample + model_init + adapter_init + classifier_init + dataloader_shuffle
lora_bitfit_ia3,bert-base-uncased,qnli,80,31,0.5967417170053084,0.5053999633900788,False,427012,425472,1540,manual_hook,3.0,0.0002,16,128,0.1,1.0,True,10,controls data_subsample + model_init + adapter_init + classifier_init + dataloader_shuffle
lora_bitfit_ia3,bert-base-uncased,qnli,80,37,0.6747208493501738,0.5053999633900788,False,427012,425472,1540,manual_hook,3.0,0.0002,16,128,0.1,1.0,True,10,controls data_subsample + model_init + adapter_init + classifier_init + dataloader_shuffle
lora_bitfit_ia3,bert-base-uncased,qnli,80,41,0.6033315028372689,0.5053999633900788,False,427012,425472,1540,manual_hook,3.4,0.0002,16,128,0.1,1.0,True,10,controls data_subsample + model_init + adapter_init + classifier_init + dataloader_shuffle
lora_bitfit_ia3,bert-base-uncased,qnli,320,31,0.7159070107999268,0.5053999633900788,False,427012,425472,1540,manual_hook,6.9,0.0002,16,128,0.1,1.0,True,10,controls data_subsample + model_init + adapter_init + classifier_init + dataloader_shuffle
lora_bitfit_ia3,bert-base-uncased,qnli,320,37,0.7354933186893649,0.5053999633900788,False,427012,425472,1540,manual_hook,7.1,0.0002,16,128,0.1,1.0,True,10,controls data_subsample + model_init + adapter_init + classifier_init + dataloader_shuffle
lora_bitfit_ia3,bert-base-uncased,qnli,320,41,0.7325645249862712,0.5053999633900788,False,427012,425472,1540,manual_hook,7.0,0.0002,16,128,0.1,1.0,True,10,controls data_subsample + model_init + adapter_init + classifier_init + dataloader_shuffle
lora_bitfit_ia3,bert-base-uncased,qnli,1280,31,0.8158520959179938,0.5053999633900788,False,427012,425472,1540,manual_hook,23.2,0.0002,16,128,0.1,1.0,True,10,controls data_subsample + model_init + adapter_init + classifier_init + dataloader_shuffle
lora_bitfit_ia3,bert-base-uncased,qnli,1280,37,0.8105436573311368,0.5053999633900788,False,427012,425472,1540,manual_hook,27.6,0.0002,16,128,0.1,1.0,True,10,controls data_subsample + model_init + adapter_init + classifier_init + dataloader_shuffle
lora_bitfit_ia3,bert-base-uncased,qnli,1280,41,0.8207944352919642,0.5053999633900788,False,427012,425472,1540,manual_hook,23.0,0.0002,16,128,0.1,1.0,True,10,controls data_subsample + model_init + adapter_init + classifier_init + dataloader_shuffle
lora_ia3,bert-base-uncased,qnli,80,31,0.5950942705473183,0.5053999633900788,False,324098,322560,1538,manual_hook,3.0,0.0002,16,128,0.1,1.0,True,10,controls data_subsample + model_init + adapter_init + classifier_init + dataloader_shuffle
lora_ia3,bert-base-uncased,qnli,80,37,0.6487278052352188,0.5053999633900788,False,324098,322560,1538,manual_hook,3.2,0.0002,16,128,0.1,1.0,True,10,controls data_subsample + model_init + adapter_init + classifier_init + dataloader_shuffle
lora_ia3,bert-base-uncased,qnli,80,41,0.5676368295808164,0.5053999633900788,False,324098,322560,1538,manual_hook,3.5,0.0002,16,128,0.1,1.0,True,10,controls data_subsample + model_init + adapter_init + classifier_init + dataloader_shuffle
lora_ia3,bert-base-uncased,qnli,320,31,0.709683324180853,0.5053999633900788,False,324098,322560,1538,manual_hook,6.4,0.0002,16,128,0.1,1.0,True,10,controls data_subsample + model_init + adapter_init + classifier_init + dataloader_shuffle
lora_ia3,bert-base-uncased,qnli,320,37,0.7263408383671975,0.5053999633900788,False,324098,322560,1538,manual_hook,6.8,0.0002,16,128,0.1,1.0,True,10,controls data_subsample + model_init + adapter_init + classifier_init + dataloader_shuffle
lora_ia3,bert-base-uncased,qnli,320,41,0.7252425407285374,0.5053999633900788,False,324098,322560,1538,manual_hook,7.1,0.0002,16,128,0.1,1.0,True,10,controls data_subsample + model_init + adapter_init + classifier_init + dataloader_shuffle
lora_ia3,bert-base-uncased,qnli,1280,31,0.80907926047959,0.5053999633900788,False,324098,322560,1538,manual_hook,22.8,0.0002,16,128,0.1,1.0,True,10,controls data_subsample + model_init + adapter_init + classifier_init + dataloader_shuffle
lora_ia3,bert-base-uncased,qnli,1280,37,0.8105436573311368,0.5053999633900788,False,324098,322560,1538,manual_hook,20.4,0.0002,16,128,0.1,1.0,True,10,controls data_subsample + model_init + adapter_init + classifier_init + dataloader_shuffle
lora_ia3,bert-base-uncased,qnli,1280,41,0.8207944352919642,0.5053999633900788,False,324098,322560,1538,manual_hook,20.4,0.0002,16,128,0.1,1.0,True,10,controls data_subsample + model_init + adapter_init + classifier_init + dataloader_shuffle
lora_param_matched_r12,bert-base-uncased,qnli,80,31,0.6015010067728355,0.5053999633900788,False,443906,442368,1538,,3.0,0.0002,16,128,0.1,1.0,True,10,controls data_subsample + model_init + adapter_init + classifier_init + dataloader_shuffle
lora_param_matched_r12,bert-base-uncased,qnli,80,37,0.6705107084019769,0.5053999633900788,False,443906,442368,1538,,2.6,0.0002,16,128,0.1,1.0,True,10,controls data_subsample + model_init + adapter_init + classifier_init + dataloader_shuffle
lora_param_matched_r12,bert-base-uncased,qnli,80,41,0.5861248398315944,0.5053999633900788,False,443906,442368,1538,,3.2,0.0002,16,128,0.1,1.0,True,10,controls data_subsample + model_init + adapter_init + classifier_init + dataloader_shuffle
lora_param_matched_r12,bert-base-uncased,qnli,320,31,0.7206663005674537,0.5053999633900788,False,443906,442368,1538,,5.5,0.0002,16,128,0.1,1.0,True,10,controls data_subsample + model_init + adapter_init + classifier_init + dataloader_shuffle
lora_param_matched_r12,bert-base-uncased,qnli,320,37,0.747208493501739,0.5053999633900788,False,443906,442368,1538,,5.7,0.0002,16,128,0.1,1.0,True,10,controls data_subsample + model_init + adapter_init + classifier_init + dataloader_shuffle
lora_param_matched_r12,bert-base-uncased,qnli,320,41,0.7420831045213253,0.5053999633900788,False,443906,442368,1538,,5.7,0.0002,16,128,0.1,1.0,True,10,controls data_subsample + model_init + adapter_init + classifier_init + dataloader_shuffle
lora_param_matched_r12,bert-base-uncased,qnli,1280,31,0.8145707486728904,0.5053999633900788,False,443906,442368,1538,,21.5,0.0002,16,128,0.1,1.0,True,10,controls data_subsample + model_init + adapter_init + classifier_init + dataloader_shuffle
lora_param_matched_r12,bert-base-uncased,qnli,1280,37,0.8121911037891268,0.5053999633900788,False,443906,442368,1538,,18.8,0.0002,16,128,0.1,1.0,True,10,controls data_subsample + model_init + adapter_init + classifier_init + dataloader_shuffle
lora_param_matched_r12,bert-base-uncased,qnli,1280,41,0.8224418817499543,0.5053999633900788,False,443906,442368,1538,,17.9,0.0002,16,128,0.1,1.0,True,10,controls data_subsample + model_init + adapter_init + classifier_init + dataloader_shuffle
bitfit,bert-base-uncased,rte,80,31,0.5523465703971119,0.5270758122743683,False,104450,102912,1538,,0.8,0.0002,16,128,0.1,1.0,True,10,controls data_subsample + model_init + adapter_init + classifier_init + dataloader_shuffle
bitfit,bert-base-uncased,rte,80,37,0.5487364620938628,0.5270758122743683,False,104450,102912,1538,,0.8,0.0002,16,128,0.1,1.0,True,10,controls data_subsample + model_init + adapter_init + classifier_init + dataloader_shuffle
bitfit,bert-base-uncased,rte,80,41,0.5415162454873647,0.5270758122743683,False,104450,102912,1538,,1.0,0.0002,16,128,0.1,1.0,True,10,controls data_subsample + model_init + adapter_init + classifier_init + dataloader_shuffle
bitfit,bert-base-uncased,rte,320,31,0.5667870036101083,0.5270758122743683,False,104450,102912,1538,,3.3,0.0002,16,128,0.1,1.0,True,10,controls data_subsample + model_init + adapter_init + classifier_init + dataloader_shuffle
bitfit,bert-base-uncased,rte,320,37,0.5667870036101083,0.5270758122743683,False,104450,102912,1538,,2.9,0.0002,16,128,0.1,1.0,True,10,controls data_subsample + model_init + adapter_init + classifier_init + dataloader_shuffle
bitfit,bert-base-uncased,rte,320,41,0.5776173285198556,0.5270758122743683,False,104450,102912,1538,,2.9,0.0002,16,128,0.1,1.0,True,10,controls data_subsample + model_init + adapter_init + classifier_init + dataloader_shuffle
bitfit,bert-base-uncased,rte,1280,31,0.5487364620938628,0.5270758122743683,False,104450,102912,1538,,14.5,0.0002,16,128,0.1,1.0,True,10,controls data_subsample + model_init + adapter_init + classifier_init + dataloader_shuffle
bitfit,bert-base-uncased,rte,1280,37,0.5667870036101083,0.5270758122743683,False,104450,102912,1538,,13.7,0.0002,16,128,0.1,1.0,True,10,controls data_subsample + model_init + adapter_init + classifier_init + dataloader_shuffle
bitfit,bert-base-uncased,rte,1280,41,0.5956678700361011,0.5270758122743683,False,104450,102912,1538,,15.0,0.0002,16,128,0.1,1.0,True,10,controls data_subsample + model_init + adapter_init + classifier_init + dataloader_shuffle
bitfit_ia3,bert-base-uncased,rte,80,31,0.5523465703971119,0.5270758122743683,False,132100,130560,1540,peft_native,1.2,0.0002,16,128,0.1,1.0,True,10,controls data_subsample + model_init + adapter_init + classifier_init + dataloader_shuffle
bitfit_ia3,bert-base-uncased,rte,80,37,0.555956678700361,0.5270758122743683,False,132100,130560,1540,peft_native,1.3,0.0002,16,128,0.1,1.0,True,10,controls data_subsample + model_init + adapter_init + classifier_init + dataloader_shuffle
bitfit_ia3,bert-base-uncased,rte,80,41,0.5451263537906137,0.5270758122743683,False,132100,130560,1540,peft_native,1.6,0.0002,16,128,0.1,1.0,True,10,controls data_subsample + model_init + adapter_init + classifier_init + dataloader_shuffle
bitfit_ia3,bert-base-uncased,rte,320,31,0.555956678700361,0.5270758122743683,False,132100,130560,1540,peft_native,4.7,0.0002,16,128,0.1,1.0,True,10,controls data_subsample + model_init + adapter_init + classifier_init + dataloader_shuffle
bitfit_ia3,bert-base-uncased,rte,320,37,0.5595667870036101,0.5270758122743683,False,132100,130560,1540,peft_native,4.5,0.0002,16,128,0.1,1.0,True,10,controls data_subsample + model_init + adapter_init + classifier_init + dataloader_shuffle
bitfit_ia3,bert-base-uncased,rte,320,41,0.555956678700361,0.5270758122743683,False,132100,130560,1540,peft_native,6.0,0.0002,16,128,0.1,1.0,True,10,controls data_subsample + model_init + adapter_init + classifier_init + dataloader_shuffle
bitfit_ia3,bert-base-uncased,rte,1280,31,0.5631768953068592,0.5270758122743683,False,132100,130560,1540,peft_native,17.2,0.0002,16,128,0.1,1.0,True,10,controls data_subsample + model_init + adapter_init + classifier_init + dataloader_shuffle
bitfit_ia3,bert-base-uncased,rte,1280,37,0.5667870036101083,0.5270758122743683,False,132100,130560,1540,peft_native,17.6,0.0002,16,128,0.1,1.0,True,10,controls data_subsample + model_init + adapter_init + classifier_init + dataloader_shuffle
bitfit_ia3,bert-base-uncased,rte,1280,41,0.6101083032490975,0.5270758122743683,False,132100,130560,1540,peft_native,17.1,0.0002,16,128,0.1,1.0,True,10,controls data_subsample + model_init + adapter_init + classifier_init + dataloader_shuffle
ia3,bert-base-uncased,rte,80,31,0.5451263537906137,0.5270758122743683,False,29186,27648,1538,peft_native,1.0,0.0002,16,128,0.1,1.0,True,10,controls data_subsample + model_init + adapter_init + classifier_init + dataloader_shuffle
ia3,bert-base-uncased,rte,80,37,0.5487364620938628,0.5270758122743683,False,29186,27648,1538,peft_native,1.0,0.0002,16,128,0.1,1.0,True,10,controls data_subsample + model_init + adapter_init + classifier_init + dataloader_shuffle
ia3,bert-base-uncased,rte,80,41,0.5487364620938628,0.5270758122743683,False,29186,27648,1538,peft_native,1.2,0.0002,16,128,0.1,1.0,True,10,controls data_subsample + model_init + adapter_init + classifier_init + dataloader_shuffle
ia3,bert-base-uncased,rte,320,31,0.555956678700361,0.5270758122743683,False,29186,27648,1538,peft_native,4.4,0.0002,16,128,0.1,1.0,True,10,controls data_subsample + model_init + adapter_init + classifier_init + dataloader_shuffle
ia3,bert-base-uncased,rte,320,37,0.5126353790613718,0.5270758122743683,True,29186,27648,1538,peft_native,3.8,0.0002,16,128,0.1,1.0,True,10,controls data_subsample + model_init + adapter_init + classifier_init + dataloader_shuffle
ia3,bert-base-uncased,rte,320,41,0.5595667870036101,0.5270758122743683,False,29186,27648,1538,peft_native,3.7,0.0002,16,128,0.1,1.0,True,10,controls data_subsample + model_init + adapter_init + classifier_init + dataloader_shuffle
ia3,bert-base-uncased,rte,1280,31,0.5667870036101083,0.5270758122743683,False,29186,27648,1538,peft_native,15.9,0.0002,16,128,0.1,1.0,True,10,controls data_subsample + model_init + adapter_init + classifier_init + dataloader_shuffle
ia3,bert-base-uncased,rte,1280,37,0.5415162454873647,0.5270758122743683,False,29186,27648,1538,peft_native,17.7,0.0002,16,128,0.1,1.0,True,10,controls data_subsample + model_init + adapter_init + classifier_init + dataloader_shuffle
ia3,bert-base-uncased,rte,1280,41,0.5703971119133574,0.5270758122743683,False,29186,27648,1538,peft_native,15.5,0.0002,16,128,0.1,1.0,True,10,controls data_subsample + model_init + adapter_init + classifier_init + dataloader_shuffle
lora,bert-base-uncased,rte,80,31,0.555956678700361,0.5270758122743683,False,296450,294912,1538,,1.1,0.0002,16,128,0.1,1.0,True,10,controls data_subsample + model_init + adapter_init + classifier_init + dataloader_shuffle
lora,bert-base-uncased,rte,80,37,0.555956678700361,0.5270758122743683,False,296450,294912,1538,,1.1,0.0002,16,128,0.1,1.0,True,10,controls data_subsample + model_init + adapter_init + classifier_init + dataloader_shuffle
lora,bert-base-uncased,rte,80,41,0.5379061371841155,0.5270758122743683,False,296450,294912,1538,,1.4,0.0002,16,128,0.1,1.0,True,10,controls data_subsample + model_init + adapter_init + classifier_init + dataloader_shuffle
lora,bert-base-uncased,rte,320,31,0.5631768953068592,0.5270758122743683,False,296450,294912,1538,,4.9,0.0002,16,128,0.1,1.0,True,10,controls data_subsample + model_init + adapter_init + classifier_init + dataloader_shuffle
lora,bert-base-uncased,rte,320,37,0.5703971119133574,0.5270758122743683,False,296450,294912,1538,,4.3,0.0002,16,128,0.1,1.0,True,10,controls data_subsample + model_init + adapter_init + classifier_init + dataloader_shuffle
lora,bert-base-uncased,rte,320,41,0.5306859205776173,0.5270758122743683,False,296450,294912,1538,,4.3,0.0002,16,128,0.1,1.0,True,10,controls data_subsample + model_init + adapter_init + classifier_init + dataloader_shuffle
lora,bert-base-uncased,rte,1280,31,0.6425992779783394,0.5270758122743683,False,296450,294912,1538,,20.9,0.0002,16,128,0.1,1.0,True,10,controls data_subsample + model_init + adapter_init + classifier_init + dataloader_shuffle
lora,bert-base-uncased,rte,1280,37,0.6714801444043321,0.5270758122743683,False,296450,294912,1538,,16.9,0.0002,16,128,0.1,1.0,True,10,controls data_subsample + model_init + adapter_init + classifier_init + dataloader_shuffle
lora,bert-base-uncased,rte,1280,41,0.6209386281588448,0.5270758122743683,False,296450,294912,1538,,21.2,0.0002,16,128,0.1,1.0,True,10,controls data_subsample + model_init + adapter_init + classifier_init + dataloader_shuffle
lora_bitfit,bert-base-uncased,rte,80,31,0.5595667870036101,0.5270758122743683,False,399364,397824,1540,,1.3,0.0002,16,128,0.1,1.0,True,10,controls data_subsample + model_init + adapter_init + classifier_init + dataloader_shuffle
lora_bitfit,bert-base-uncased,rte,80,37,0.5306859205776173,0.5270758122743683,False,399364,397824,1540,,1.3,0.0002,16,128,0.1,1.0,True,10,controls data_subsample + model_init + adapter_init + classifier_init + dataloader_shuffle
lora_bitfit,bert-base-uncased,rte,80,41,0.5523465703971119,0.5270758122743683,False,399364,397824,1540,,1.5,0.0002,16,128,0.1,1.0,True,10,controls data_subsample + model_init + adapter_init + classifier_init + dataloader_shuffle
lora_bitfit,bert-base-uncased,rte,320,31,0.555956678700361,0.5270758122743683,False,399364,397824,1540,,5.7,0.0002,16,128,0.1,1.0,True,10,controls data_subsample + model_init + adapter_init + classifier_init + dataloader_shuffle
lora_bitfit,bert-base-uncased,rte,320,37,0.5848375451263538,0.5270758122743683,False,399364,397824,1540,,5.0,0.0002,16,128,0.1,1.0,True,10,controls data_subsample + model_init + adapter_init + classifier_init + dataloader_shuffle
lora_bitfit,bert-base-uncased,rte,320,41,0.5523465703971119,0.5270758122743683,False,399364,397824,1540,,4.9,0.0002,16,128,0.1,1.0,True,10,controls data_subsample + model_init + adapter_init + classifier_init + dataloader_shuffle
lora_bitfit,bert-base-uncased,rte,1280,31,0.6389891696750902,0.5270758122743683,False,399364,397824,1540,,19.5,0.0002,16,128,0.1,1.0,True,10,controls data_subsample + model_init + adapter_init + classifier_init + dataloader_shuffle
lora_bitfit,bert-base-uncased,rte,1280,37,0.6606498194945848,0.5270758122743683,False,399364,397824,1540,,21.7,0.0002,16,128,0.1,1.0,True,10,controls data_subsample + model_init + adapter_init + classifier_init + dataloader_shuffle
lora_bitfit,bert-base-uncased,rte,1280,41,0.6389891696750902,0.5270758122743683,False,399364,397824,1540,,19.4,0.0002,16,128,0.1,1.0,True,10,controls data_subsample + model_init + adapter_init + classifier_init + dataloader_shuffle
lora_bitfit_ia3,bert-base-uncased,rte,80,31,0.5595667870036101,0.5270758122743683,False,427012,425472,1540,manual_hook,1.4,0.0002,16,128,0.1,1.0,True,10,controls data_subsample + model_init + adapter_init + classifier_init + dataloader_shuffle
lora_bitfit_ia3,bert-base-uncased,rte,80,37,0.5306859205776173,0.5270758122743683,False,427012,425472,1540,manual_hook,1.8,0.0002,16,128,0.1,1.0,True,10,controls data_subsample + model_init + adapter_init + classifier_init + dataloader_shuffle
lora_bitfit_ia3,bert-base-uncased,rte,80,41,0.5523465703971119,0.5270758122743683,False,427012,425472,1540,manual_hook,1.9,0.0002,16,128,0.1,1.0,True,10,controls data_subsample + model_init + adapter_init + classifier_init + dataloader_shuffle
lora_bitfit_ia3,bert-base-uncased,rte,320,31,0.5595667870036101,0.5270758122743683,False,427012,425472,1540,manual_hook,6.3,0.0002,16,128,0.1,1.0,True,10,controls data_subsample + model_init + adapter_init + classifier_init + dataloader_shuffle
lora_bitfit_ia3,bert-base-uncased,rte,320,37,0.5848375451263538,0.5270758122743683,False,427012,425472,1540,manual_hook,5.5,0.0002,16,128,0.1,1.0,True,10,controls data_subsample + model_init + adapter_init + classifier_init + dataloader_shuffle
lora_bitfit_ia3,bert-base-uncased,rte,320,41,0.555956678700361,0.5270758122743683,False,427012,425472,1540,manual_hook,5.9,0.0002,16,128,0.1,1.0,True,10,controls data_subsample + model_init + adapter_init + classifier_init + dataloader_shuffle
lora_bitfit_ia3,bert-base-uncased,rte,1280,31,0.6425992779783394,0.5270758122743683,False,427012,425472,1540,manual_hook,21.6,0.0002,16,128,0.1,1.0,True,10,controls data_subsample + model_init + adapter_init + classifier_init + dataloader_shuffle
lora_bitfit_ia3,bert-base-uncased,rte,1280,37,0.6570397111913358,0.5270758122743683,False,427012,425472,1540,manual_hook,21.6,0.0002,16,128,0.1,1.0,True,10,controls data_subsample + model_init + adapter_init + classifier_init + dataloader_shuffle
lora_bitfit_ia3,bert-base-uncased,rte,1280,41,0.6209386281588448,0.5270758122743683,False,427012,425472,1540,manual_hook,21.7,0.0002,16,128,0.1,1.0,True,10,controls data_subsample + model_init + adapter_init + classifier_init + dataloader_shuffle
lora_ia3,bert-base-uncased,rte,80,31,0.555956678700361,0.5270758122743683,False,324098,322560,1538,manual_hook,1.3,0.0002,16,128,0.1,1.0,True,10,controls data_subsample + model_init + adapter_init + classifier_init + dataloader_shuffle
lora_ia3,bert-base-uncased,rte,80,37,0.555956678700361,0.5270758122743683,False,324098,322560,1538,manual_hook,1.3,0.0002,16,128,0.1,1.0,True,10,controls data_subsample + model_init + adapter_init + classifier_init + dataloader_shuffle
lora_ia3,bert-base-uncased,rte,80,41,0.5342960288808665,0.5270758122743683,False,324098,322560,1538,manual_hook,1.7,0.0002,16,128,0.1,1.0,True,10,controls data_subsample + model_init + adapter_init + classifier_init + dataloader_shuffle
lora_ia3,bert-base-uncased,rte,320,31,0.5703971119133574,0.5270758122743683,False,324098,322560,1538,manual_hook,5.2,0.0002,16,128,0.1,1.0,True,10,controls data_subsample + model_init + adapter_init + classifier_init + dataloader_shuffle
lora_ia3,bert-base-uncased,rte,320,37,0.5740072202166066,0.5270758122743683,False,324098,322560,1538,manual_hook,4.8,0.0002,16,128,0.1,1.0,True,10,controls data_subsample + model_init + adapter_init + classifier_init + dataloader_shuffle
lora_ia3,bert-base-uncased,rte,320,41,0.5306859205776173,0.5270758122743683,False,324098,322560,1538,manual_hook,5.0,0.0002,16,128,0.1,1.0,True,10,controls data_subsample + model_init + adapter_init + classifier_init + dataloader_shuffle
lora_ia3,bert-base-uncased,rte,1280,31,0.6462093862815884,0.5270758122743683,False,324098,322560,1538,manual_hook,19.0,0.0002,16,128,0.1,1.0,True,10,controls data_subsample + model_init + adapter_init + classifier_init + dataloader_shuffle
lora_ia3,bert-base-uncased,rte,1280,37,0.6678700361010831,0.5270758122743683,False,324098,322560,1538,manual_hook,19.3,0.0002,16,128,0.1,1.0,True,10,controls data_subsample + model_init + adapter_init + classifier_init + dataloader_shuffle
lora_ia3,bert-base-uncased,rte,1280,41,0.6173285198555957,0.5270758122743683,False,324098,322560,1538,manual_hook,19.0,0.0002,16,128,0.1,1.0,True,10,controls data_subsample + model_init + adapter_init + classifier_init + dataloader_shuffle
lora_param_matched_r12,bert-base-uncased,rte,80,31,0.5523465703971119,0.5270758122743683,False,443906,442368,1538,,1.1,0.0002,16,128,0.1,1.0,True,10,controls data_subsample + model_init + adapter_init + classifier_init + dataloader_shuffle
lora_param_matched_r12,bert-base-uncased,rte,80,37,0.5667870036101083,0.5270758122743683,False,443906,442368,1538,,1.5,0.0002,16,128,0.1,1.0,True,10,controls data_subsample + model_init + adapter_init + classifier_init + dataloader_shuffle
lora_param_matched_r12,bert-base-uncased,rte,80,41,0.555956678700361,0.5270758122743683,False,443906,442368,1538,,1.5,0.0002,16,128,0.1,1.0,True,10,controls data_subsample + model_init + adapter_init + classifier_init + dataloader_shuffle
lora_param_matched_r12,bert-base-uncased,rte,320,31,0.5703971119133574,0.5270758122743683,False,443906,442368,1538,,4.6,0.0002,16,128,0.1,1.0,True,10,controls data_subsample + model_init + adapter_init + classifier_init + dataloader_shuffle
lora_param_matched_r12,bert-base-uncased,rte,320,37,0.5848375451263538,0.5270758122743683,False,443906,442368,1538,,4.3,0.0002,16,128,0.1,1.0,True,10,controls data_subsample + model_init + adapter_init + classifier_init + dataloader_shuffle
lora_param_matched_r12,bert-base-uncased,rte,320,41,0.5342960288808665,0.5270758122743683,False,443906,442368,1538,,4.8,0.0002,16,128,0.1,1.0,True,10,controls data_subsample + model_init + adapter_init + classifier_init + dataloader_shuffle
lora_param_matched_r12,bert-base-uncased,rte,1280,31,0.6678700361010831,0.5270758122743683,False,443906,442368,1538,,16.1,0.0002,16,128,0.1,1.0,True,10,controls data_subsample + model_init + adapter_init + classifier_init + dataloader_shuffle
lora_param_matched_r12,bert-base-uncased,rte,1280,37,0.6642599277978339,0.5270758122743683,False,443906,442368,1538,,19.7,0.0002,16,128,0.1,1.0,True,10,controls data_subsample + model_init + adapter_init + classifier_init + dataloader_shuffle
lora_param_matched_r12,bert-base-uncased,rte,1280,41,0.6173285198555957,0.5270758122743683,False,443906,442368,1538,,16.4,0.0002,16,128,0.1,1.0,True,10,controls data_subsample + model_init + adapter_init + classifier_init + dataloader_shuffle
bitfit,bert-base-uncased,sst2,80,31,0.5928899082568807,0.5091743119266054,False,104450,102912,1538,,1.0,0.0002,16,128,0.1,1.0,True,10,controls data_subsample + model_init + adapter_init + classifier_init + dataloader_shuffle
bitfit,bert-base-uncased,sst2,80,37,0.5172018348623854,0.5091743119266054,False,104450,102912,1538,,0.9,0.0002,16,128,0.1,1.0,True,10,controls data_subsample + model_init + adapter_init + classifier_init + dataloader_shuffle
bitfit,bert-base-uncased,sst2,80,41,0.5149082568807339,0.5091743119266054,False,104450,102912,1538,,1.1,0.0002,16,128,0.1,1.0,True,10,controls data_subsample + model_init + adapter_init + classifier_init + dataloader_shuffle
bitfit,bert-base-uncased,sst2,320,31,0.5561926605504587,0.5091743119266054,False,104450,102912,1538,,3.1,0.0002,16,128,0.1,1.0,True,10,controls data_subsample + model_init + adapter_init + classifier_init + dataloader_shuffle
bitfit,bert-base-uncased,sst2,320,37,0.5791284403669725,0.5091743119266054,False,104450,102912,1538,,3.1,0.0002,16,128,0.1,1.0,True,10,controls data_subsample + model_init + adapter_init + classifier_init + dataloader_shuffle
bitfit,bert-base-uncased,sst2,320,41,0.5252293577981652,0.5091743119266054,False,104450,102912,1538,,3.3,0.0002,16,128,0.1,1.0,True,10,controls data_subsample + model_init + adapter_init + classifier_init + dataloader_shuffle
bitfit,bert-base-uncased,sst2,1280,31,0.7591743119266054,0.5091743119266054,False,104450,102912,1538,,12.9,0.0002,16,128,0.1,1.0,True,10,controls data_subsample + model_init + adapter_init + classifier_init + dataloader_shuffle
bitfit,bert-base-uncased,sst2,1280,37,0.6456422018348624,0.5091743119266054,False,104450,102912,1538,,13.1,0.0002,16,128,0.1,1.0,True,10,controls data_subsample + model_init + adapter_init + classifier_init + dataloader_shuffle
bitfit,bert-base-uncased,sst2,1280,41,0.7844036697247706,0.5091743119266054,False,104450,102912,1538,,13.8,0.0002,16,128,0.1,1.0,True,10,controls data_subsample + model_init + adapter_init + classifier_init + dataloader_shuffle
bitfit_ia3,bert-base-uncased,sst2,80,31,0.591743119266055,0.5091743119266054,False,132100,130560,1540,peft_native,1.3,0.0002,16,128,0.1,1.0,True,10,controls data_subsample + model_init + adapter_init + classifier_init + dataloader_shuffle
bitfit_ia3,bert-base-uncased,sst2,80,37,0.5160550458715596,0.5091743119266054,False,132100,130560,1540,peft_native,1.4,0.0002,16,128,0.1,1.0,True,10,controls data_subsample + model_init + adapter_init + classifier_init + dataloader_shuffle
bitfit_ia3,bert-base-uncased,sst2,80,41,0.5160550458715596,0.5091743119266054,False,132100,130560,1540,peft_native,1.4,0.0002,16,128,0.1,1.0,True,10,controls data_subsample + model_init + adapter_init + classifier_init + dataloader_shuffle
bitfit_ia3,bert-base-uncased,sst2,320,31,0.5607798165137615,0.5091743119266054,False,132100,130560,1540,peft_native,4.7,0.0002,16,128,0.1,1.0,True,10,controls data_subsample + model_init + adapter_init + classifier_init + dataloader_shuffle
bitfit_ia3,bert-base-uncased,sst2,320,37,0.5894495412844036,0.5091743119266054,False,132100,130560,1540,peft_native,5.9,0.0002,16,128,0.1,1.0,True,10,controls data_subsample + model_init + adapter_init + classifier_init + dataloader_shuffle
bitfit_ia3,bert-base-uncased,sst2,320,41,0.5298165137614679,0.5091743119266054,False,132100,130560,1540,peft_native,4.5,0.0002,16,128,0.1,1.0,True,10,controls data_subsample + model_init + adapter_init + classifier_init + dataloader_shuffle
bitfit_ia3,bert-base-uncased,sst2,1280,31,0.7889908256880734,0.5091743119266054,False,132100,130560,1540,peft_native,18.4,0.0002,16,128,0.1,1.0,True,10,controls data_subsample + model_init + adapter_init + classifier_init + dataloader_shuffle
bitfit_ia3,bert-base-uncased,sst2,1280,37,0.694954128440367,0.5091743119266054,False,132100,130560,1540,peft_native,17.3,0.0002,16,128,0.1,1.0,True,10,controls data_subsample + model_init + adapter_init + classifier_init + dataloader_shuffle
bitfit_ia3,bert-base-uncased,sst2,1280,41,0.8165137614678899,0.5091743119266054,False,132100,130560,1540,peft_native,20.2,0.0002,16,128,0.1,1.0,True,10,controls data_subsample + model_init + adapter_init + classifier_init + dataloader_shuffle
ia3,bert-base-uncased,sst2,80,31,0.573394495412844,0.5091743119266054,False,29186,27648,1538,peft_native,1.2,0.0002,16,128,0.1,1.0,True,10,controls data_subsample + model_init + adapter_init + classifier_init + dataloader_shuffle
ia3,bert-base-uncased,sst2,80,37,0.5045871559633027,0.5091743119266054,True,29186,27648,1538,peft_native,1.1,0.0002,16,128,0.1,1.0,True,10,controls data_subsample + model_init + adapter_init + classifier_init + dataloader_shuffle
ia3,bert-base-uncased,sst2,80,41,0.5194954128440367,0.5091743119266054,False,29186,27648,1538,peft_native,1.3,0.0002,16,128,0.1,1.0,True,10,controls data_subsample + model_init + adapter_init + classifier_init + dataloader_shuffle
ia3,bert-base-uncased,sst2,320,31,0.5470183486238532,0.5091743119266054,False,29186,27648,1538,peft_native,4.0,0.0002,16,128,0.1,1.0,True,10,controls data_subsample + model_init + adapter_init + classifier_init + dataloader_shuffle
ia3,bert-base-uncased,sst2,320,37,0.5412844036697247,0.5091743119266054,False,29186,27648,1538,peft_native,3.9,0.0002,16,128,0.1,1.0,True,10,controls data_subsample + model_init + adapter_init + classifier_init + dataloader_shuffle
ia3,bert-base-uncased,sst2,320,41,0.5160550458715596,0.5091743119266054,False,29186,27648,1538,peft_native,4.5,0.0002,16,128,0.1,1.0,True,10,controls data_subsample + model_init + adapter_init + classifier_init + dataloader_shuffle
ia3,bert-base-uncased,sst2,1280,31,0.5711009174311926,0.5091743119266054,False,29186,27648,1538,peft_native,14.4,0.0002,16,128,0.1,1.0,True,10,controls data_subsample + model_init + adapter_init + classifier_init + dataloader_shuffle
ia3,bert-base-uncased,sst2,1280,37,0.591743119266055,0.5091743119266054,False,29186,27648,1538,peft_native,16.6,0.0002,16,128,0.1,1.0,True,10,controls data_subsample + model_init + adapter_init + classifier_init + dataloader_shuffle
ia3,bert-base-uncased,sst2,1280,41,0.5309633027522935,0.5091743119266054,False,29186,27648,1538,peft_native,15.3,0.0002,16,128,0.1,1.0,True,10,controls data_subsample + model_init + adapter_init + classifier_init + dataloader_shuffle
lora,bert-base-uncased,sst2,80,31,0.606651376146789,0.5091743119266054,False,296450,294912,1538,,2.0,0.0002,16,128,0.1,1.0,True,10,controls data_subsample + model_init + adapter_init + classifier_init + dataloader_shuffle
lora,bert-base-uncased,sst2,80,37,0.5217889908256881,0.5091743119266054,False,296450,294912,1538,,1.4,0.0002,16,128,0.1,1.0,True,10,controls data_subsample + model_init + adapter_init + classifier_init + dataloader_shuffle
lora,bert-base-uncased,sst2,80,41,0.518348623853211,0.5091743119266054,False,296450,294912,1538,,1.7,0.0002,16,128,0.1,1.0,True,10,controls data_subsample + model_init + adapter_init + classifier_init + dataloader_shuffle
lora,bert-base-uncased,sst2,320,31,0.8119266055045872,0.5091743119266054,False,296450,294912,1538,,5.3,0.0002,16,128,0.1,1.0,True,10,controls data_subsample + model_init + adapter_init + classifier_init + dataloader_shuffle
lora,bert-base-uncased,sst2,320,37,0.8119266055045872,0.5091743119266054,False,296450,294912,1538,,4.4,0.0002,16,128,0.1,1.0,True,10,controls data_subsample + model_init + adapter_init + classifier_init + dataloader_shuffle
lora,bert-base-uncased,sst2,320,41,0.8268348623853211,0.5091743119266054,False,296450,294912,1538,,5.2,0.0002,16,128,0.1,1.0,True,10,controls data_subsample + model_init + adapter_init + classifier_init + dataloader_shuffle
lora,bert-base-uncased,sst2,1280,31,0.8715596330275229,0.5091743119266054,False,296450,294912,1538,,17.6,0.0002,16,128,0.1,1.0,True,10,controls data_subsample + model_init + adapter_init + classifier_init + dataloader_shuffle
lora,bert-base-uncased,sst2,1280,37,0.8761467889908257,0.5091743119266054,False,296450,294912,1538,,20.4,0.0002,16,128,0.1,1.0,True,10,controls data_subsample + model_init + adapter_init + classifier_init + dataloader_shuffle
lora,bert-base-uncased,sst2,1280,41,0.8658256880733946,0.5091743119266054,False,296450,294912,1538,,19.2,0.0002,16,128,0.1,1.0,True,10,controls data_subsample + model_init + adapter_init + classifier_init + dataloader_shuffle
lora_bitfit,bert-base-uncased,sst2,80,31,0.6318807339449541,0.5091743119266054,False,399364,397824,1540,,1.5,0.0002,16,128,0.1,1.0,True,10,controls data_subsample + model_init + adapter_init + classifier_init + dataloader_shuffle
lora_bitfit,bert-base-uncased,sst2,80,37,0.5217889908256881,0.5091743119266054,False,399364,397824,1540,,1.6,0.0002,16,128,0.1,1.0,True,10,controls data_subsample + model_init + adapter_init + classifier_init + dataloader_shuffle
lora_bitfit,bert-base-uncased,sst2,80,41,0.5194954128440367,0.5091743119266054,False,399364,397824,1540,,1.6,0.0002,16,128,0.1,1.0,True,10,controls data_subsample + model_init + adapter_init + classifier_init + dataloader_shuffle
lora_bitfit,bert-base-uncased,sst2,320,31,0.8268348623853211,0.5091743119266054,False,399364,397824,1540,,5.2,0.0002,16,128,0.1,1.0,True,10,controls data_subsample + model_init + adapter_init + classifier_init + dataloader_shuffle
lora_bitfit,bert-base-uncased,sst2,320,37,0.8256880733944955,0.5091743119266054,False,399364,397824,1540,,5.3,0.0002,16,128,0.1,1.0,True,10,controls data_subsample + model_init + adapter_init + classifier_init + dataloader_shuffle
lora_bitfit,bert-base-uncased,sst2,320,41,0.8268348623853211,0.5091743119266054,False,399364,397824,1540,,5.1,0.0002,16,128,0.1,1.0,True,10,controls data_subsample + model_init + adapter_init + classifier_init + dataloader_shuffle
lora_bitfit,bert-base-uncased,sst2,1280,31,0.8738532110091743,0.5091743119266054,False,399364,397824,1540,,22.5,0.0002,16,128,0.1,1.0,True,10,controls data_subsample + model_init + adapter_init + classifier_init + dataloader_shuffle
lora_bitfit,bert-base-uncased,sst2,1280,37,0.8761467889908257,0.5091743119266054,False,399364,397824,1540,,19.6,0.0002,16,128,0.1,1.0,True,10,controls data_subsample + model_init + adapter_init + classifier_init + dataloader_shuffle
lora_bitfit,bert-base-uncased,sst2,1280,41,0.8715596330275229,0.5091743119266054,False,399364,397824,1540,,20.0,0.0002,16,128,0.1,1.0,True,10,controls data_subsample + model_init + adapter_init + classifier_init + dataloader_shuffle
lora_bitfit_ia3,bert-base-uncased,sst2,80,31,0.6307339449541285,0.5091743119266054,False,427012,425472,1540,manual_hook,1.7,0.0002,16,128,0.1,1.0,True,10,controls data_subsample + model_init + adapter_init + classifier_init + dataloader_shuffle
lora_bitfit_ia3,bert-base-uncased,sst2,80,37,0.5275229357798165,0.5091743119266054,False,427012,425472,1540,manual_hook,2.1,0.0002,16,128,0.1,1.0,True,10,controls data_subsample + model_init + adapter_init + classifier_init + dataloader_shuffle
lora_bitfit_ia3,bert-base-uncased,sst2,80,41,0.5206422018348624,0.5091743119266054,False,427012,425472,1540,manual_hook,1.7,0.0002,16,128,0.1,1.0,True,10,controls data_subsample + model_init + adapter_init + classifier_init + dataloader_shuffle
lora_bitfit_ia3,bert-base-uncased,sst2,320,31,0.8256880733944955,0.5091743119266054,False,427012,425472,1540,manual_hook,5.9,0.0002,16,128,0.1,1.0,True,10,controls data_subsample + model_init + adapter_init + classifier_init + dataloader_shuffle
lora_bitfit_ia3,bert-base-uncased,sst2,320,37,0.8279816513761468,0.5091743119266054,False,427012,425472,1540,manual_hook,6.8,0.0002,16,128,0.1,1.0,True,10,controls data_subsample + model_init + adapter_init + classifier_init + dataloader_shuffle
lora_bitfit_ia3,bert-base-uncased,sst2,320,41,0.8325688073394495,0.5091743119266054,False,427012,425472,1540,manual_hook,5.7,0.0002,16,128,0.1,1.0,True,10,controls data_subsample + model_init + adapter_init + classifier_init + dataloader_shuffle
lora_bitfit_ia3,bert-base-uncased,sst2,1280,31,0.8704128440366973,0.5091743119266054,False,427012,425472,1540,manual_hook,22.5,0.0002,16,128,0.1,1.0,True,10,controls data_subsample + model_init + adapter_init + classifier_init + dataloader_shuffle
lora_bitfit_ia3,bert-base-uncased,sst2,1280,37,0.8761467889908257,0.5091743119266054,False,427012,425472,1540,manual_hook,21.6,0.0002,16,128,0.1,1.0,True,10,controls data_subsample + model_init + adapter_init + classifier_init + dataloader_shuffle
lora_bitfit_ia3,bert-base-uncased,sst2,1280,41,0.8727064220183486,0.5091743119266054,False,427012,425472,1540,manual_hook,22.0,0.0002,16,128,0.1,1.0,True,10,controls data_subsample + model_init + adapter_init + classifier_init + dataloader_shuffle
lora_ia3,bert-base-uncased,sst2,80,31,0.606651376146789,0.5091743119266054,False,324098,322560,1538,manual_hook,1.5,0.0002,16,128,0.1,1.0,True,10,controls data_subsample + model_init + adapter_init + classifier_init + dataloader_shuffle
lora_ia3,bert-base-uncased,sst2,80,37,0.5194954128440367,0.5091743119266054,False,324098,322560,1538,manual_hook,1.5,0.0002,16,128,0.1,1.0,True,10,controls data_subsample + model_init + adapter_init + classifier_init + dataloader_shuffle
lora_ia3,bert-base-uncased,sst2,80,41,0.5194954128440367,0.5091743119266054,False,324098,322560,1538,manual_hook,1.7,0.0002,16,128,0.1,1.0,True,10,controls data_subsample + model_init + adapter_init + classifier_init + dataloader_shuffle
lora_ia3,bert-base-uncased,sst2,320,31,0.8130733944954128,0.5091743119266054,False,324098,322560,1538,manual_hook,5.1,0.0002,16,128,0.1,1.0,True,10,controls data_subsample + model_init + adapter_init + classifier_init + dataloader_shuffle
lora_ia3,bert-base-uncased,sst2,320,37,0.8119266055045872,0.5091743119266054,False,324098,322560,1538,manual_hook,5.1,0.0002,16,128,0.1,1.0,True,10,controls data_subsample + model_init + adapter_init + classifier_init + dataloader_shuffle
lora_ia3,bert-base-uncased,sst2,320,41,0.8222477064220184,0.5091743119266054,False,324098,322560,1538,manual_hook,5.0,0.0002,16,128,0.1,1.0,True,10,controls data_subsample + model_init + adapter_init + classifier_init + dataloader_shuffle
lora_ia3,bert-base-uncased,sst2,1280,31,0.8658256880733946,0.5091743119266054,False,324098,322560,1538,manual_hook,21.5,0.0002,16,128,0.1,1.0,True,10,controls data_subsample + model_init + adapter_init + classifier_init + dataloader_shuffle
lora_ia3,bert-base-uncased,sst2,1280,37,0.8738532110091743,0.5091743119266054,False,324098,322560,1538,manual_hook,19.1,0.0002,16,128,0.1,1.0,True,10,controls data_subsample + model_init + adapter_init + classifier_init + dataloader_shuffle
lora_ia3,bert-base-uncased,sst2,1280,41,0.8727064220183486,0.5091743119266054,False,324098,322560,1538,manual_hook,19.9,0.0002,16,128,0.1,1.0,True,10,controls data_subsample + model_init + adapter_init + classifier_init + dataloader_shuffle
lora_param_matched_r12,bert-base-uncased,sst2,80,31,0.6318807339449541,0.5091743119266054,False,443906,442368,1538,,1.4,0.0002,16,128,0.1,1.0,True,10,controls data_subsample + model_init + adapter_init + classifier_init + dataloader_shuffle
lora_param_matched_r12,bert-base-uncased,sst2,80,37,0.5389908256880734,0.5091743119266054,False,443906,442368,1538,,1.5,0.0002,16,128,0.1,1.0,True,10,controls data_subsample + model_init + adapter_init + classifier_init + dataloader_shuffle
lora_param_matched_r12,bert-base-uncased,sst2,80,41,0.5229357798165137,0.5091743119266054,False,443906,442368,1538,,1.3,0.0002,16,128,0.1,1.0,True,10,controls data_subsample + model_init + adapter_init + classifier_init + dataloader_shuffle
lora_param_matched_r12,bert-base-uncased,sst2,320,31,0.8394495412844036,0.5091743119266054,False,443906,442368,1538,,5.9,0.0002,16,128,0.1,1.0,True,10,controls data_subsample + model_init + adapter_init + classifier_init + dataloader_shuffle
lora_param_matched_r12,bert-base-uncased,sst2,320,37,0.8360091743119266,0.5091743119266054,False,443906,442368,1538,,5.4,0.0002,16,128,0.1,1.0,True,10,controls data_subsample + model_init + adapter_init + classifier_init + dataloader_shuffle
lora_param_matched_r12,bert-base-uncased,sst2,320,41,0.8291284403669725,0.5091743119266054,False,443906,442368,1538,,4.6,0.0002,16,128,0.1,1.0,True,10,controls data_subsample + model_init + adapter_init + classifier_init + dataloader_shuffle
lora_param_matched_r12,bert-base-uncased,sst2,1280,31,0.8646788990825688,0.5091743119266054,False,443906,442368,1538,,16.6,0.0002,16,128,0.1,1.0,True,10,controls data_subsample + model_init + adapter_init + classifier_init + dataloader_shuffle
lora_param_matched_r12,bert-base-uncased,sst2,1280,37,0.8807339449541285,0.5091743119266054,False,443906,442368,1538,,17.7,0.0002,16,128,0.1,1.0,True,10,controls data_subsample + model_init + adapter_init + classifier_init + dataloader_shuffle
lora_param_matched_r12,bert-base-uncased,sst2,1280,41,0.8738532110091743,0.5091743119266054,False,443906,442368,1538,,16.5,0.0002,16,128,0.1,1.0,True,10,controls data_subsample + model_init + adapter_init + classifier_init + dataloader_shuffle
bitfit,roberta-base,mrpc,80,31,0.6838235294117647,0.6838235294117647,False,694274,102144,592130,,0.8,0.0002,16,128,0.1,1.0,True,10,controls data_subsample + model_init + adapter_init + classifier_init + dataloader_shuffle
bitfit,roberta-base,mrpc,80,37,0.6838235294117647,0.6838235294117647,False,694274,102144,592130,,0.8,0.0002,16,128,0.1,1.0,True,10,controls data_subsample + model_init + adapter_init + classifier_init + dataloader_shuffle
bitfit,roberta-base,mrpc,80,41,0.6838235294117647,0.6838235294117647,False,694274,102144,592130,,0.8,0.0002,16,128,0.1,1.0,True,10,controls data_subsample + model_init + adapter_init + classifier_init + dataloader_shuffle
bitfit,roberta-base,mrpc,320,31,0.6838235294117647,0.6838235294117647,False,694274,102144,592130,,3.0,0.0002,16,128,0.1,1.0,True,10,controls data_subsample + model_init + adapter_init + classifier_init + dataloader_shuffle
bitfit,roberta-base,mrpc,320,37,0.6838235294117647,0.6838235294117647,False,694274,102144,592130,,3.6,0.0002,16,128,0.1,1.0,True,10,controls data_subsample + model_init + adapter_init + classifier_init + dataloader_shuffle
bitfit,roberta-base,mrpc,320,41,0.6838235294117647,0.6838235294117647,False,694274,102144,592130,,3.0,0.0002,16,128,0.1,1.0,True,10,controls data_subsample + model_init + adapter_init + classifier_init + dataloader_shuffle
bitfit,roberta-base,mrpc,1280,31,0.7156862745098039,0.6838235294117647,False,694274,102144,592130,,13.3,0.0002,16,128,0.1,1.0,True,10,controls data_subsample + model_init + adapter_init + classifier_init + dataloader_shuffle
bitfit,roberta-base,mrpc,1280,37,0.7083333333333334,0.6838235294117647,False,694274,102144,592130,,11.7,0.0002,16,128,0.1,1.0,True,10,controls data_subsample + model_init + adapter_init + classifier_init + dataloader_shuffle
bitfit,roberta-base,mrpc,1280,41,0.7598039215686274,0.6838235294117647,False,694274,102144,592130,,12.4,0.0002,16,128,0.1,1.0,True,10,controls data_subsample + model_init + adapter_init + classifier_init + dataloader_shuffle
bitfit_ia3,roberta-base,mrpc,80,31,0.6838235294117647,0.6838235294117647,False,722692,129792,592900,peft_native,1.2,0.0002,16,128,0.1,1.0,True,10,controls data_subsample + model_init + adapter_init + classifier_init + dataloader_shuffle
bitfit_ia3,roberta-base,mrpc,80,37,0.6838235294117647,0.6838235294117647,False,722692,129792,592900,peft_native,1.3,0.0002,16,128,0.1,1.0,True,10,controls data_subsample + model_init + adapter_init + classifier_init + dataloader_shuffle
bitfit_ia3,roberta-base,mrpc,80,41,0.6838235294117647,0.6838235294117647,False,722692,129792,592900,peft_native,1.2,0.0002,16,128,0.1,1.0,True,10,controls data_subsample + model_init + adapter_init + classifier_init + dataloader_shuffle
bitfit_ia3,roberta-base,mrpc,320,31,0.6838235294117647,0.6838235294117647,False,722692,129792,592900,peft_native,5.6,0.0002,16,128,0.1,1.0,True,10,controls data_subsample + model_init + adapter_init + classifier_init + dataloader_shuffle
bitfit_ia3,roberta-base,mrpc,320,37,0.6838235294117647,0.6838235294117647,False,722692,129792,592900,peft_native,4.9,0.0002,16,128,0.1,1.0,True,10,controls data_subsample + model_init + adapter_init + classifier_init + dataloader_shuffle
bitfit_ia3,roberta-base,mrpc,320,41,0.6838235294117647,0.6838235294117647,False,722692,129792,592900,peft_native,4.5,0.0002,16,128,0.1,1.0,True,10,controls data_subsample + model_init + adapter_init + classifier_init + dataloader_shuffle
bitfit_ia3,roberta-base,mrpc,1280,31,0.7303921568627451,0.6838235294117647,False,722692,129792,592900,peft_native,20.7,0.0002,16,128,0.1,1.0,True,10,controls data_subsample + model_init + adapter_init + classifier_init + dataloader_shuffle
bitfit_ia3,roberta-base,mrpc,1280,37,0.7671568627450981,0.6838235294117647,False,722692,129792,592900,peft_native,18.8,0.0002,16,128,0.1,1.0,True,10,controls data_subsample + model_init + adapter_init + classifier_init + dataloader_shuffle
bitfit_ia3,roberta-base,mrpc,1280,41,0.7769607843137255,0.6838235294117647,False,722692,129792,592900,peft_native,19.7,0.0002,16,128,0.1,1.0,True,10,controls data_subsample + model_init + adapter_init + classifier_init + dataloader_shuffle
ia3,roberta-base,mrpc,80,31,0.6838235294117647,0.6838235294117647,False,619778,27648,592130,peft_native,1.1,0.0002,16,128,0.1,1.0,True,10,controls data_subsample + model_init + adapter_init + classifier_init + dataloader_shuffle
ia3,roberta-base,mrpc,80,37,0.6838235294117647,0.6838235294117647,False,619778,27648,592130,peft_native,1.1,0.0002,16,128,0.1,1.0,True,10,controls data_subsample + model_init + adapter_init + classifier_init + dataloader_shuffle
ia3,roberta-base,mrpc,80,41,0.6838235294117647,0.6838235294117647,False,619778,27648,592130,peft_native,1.1,0.0002,16,128,0.1,1.0,True,10,controls data_subsample + model_init + adapter_init + classifier_init + dataloader_shuffle
ia3,roberta-base,mrpc,320,31,0.6838235294117647,0.6838235294117647,False,619778,27648,592130,peft_native,3.8,0.0002,16,128,0.1,1.0,True,10,controls data_subsample + model_init + adapter_init + classifier_init + dataloader_shuffle
ia3,roberta-base,mrpc,320,37,0.6838235294117647,0.6838235294117647,False,619778,27648,592130,peft_native,4.6,0.0002,16,128,0.1,1.0,True,10,controls data_subsample + model_init + adapter_init + classifier_init + dataloader_shuffle
ia3,roberta-base,mrpc,320,41,0.6838235294117647,0.6838235294117647,False,619778,27648,592130,peft_native,3.9,0.0002,16,128,0.1,1.0,True,10,controls data_subsample + model_init + adapter_init + classifier_init + dataloader_shuffle
ia3,roberta-base,mrpc,1280,31,0.7058823529411765,0.6838235294117647,False,619778,27648,592130,peft_native,15.8,0.0002,16,128,0.1,1.0,True,10,controls data_subsample + model_init + adapter_init + classifier_init + dataloader_shuffle
ia3,roberta-base,mrpc,1280,37,0.6985294117647058,0.6838235294117647,False,619778,27648,592130,peft_native,15.7,0.0002,16,128,0.1,1.0,True,10,controls data_subsample + model_init + adapter_init + classifier_init + dataloader_shuffle
ia3,roberta-base,mrpc,1280,41,0.6985294117647058,0.6838235294117647,False,619778,27648,592130,peft_native,16.1,0.0002,16,128,0.1,1.0,True,10,controls data_subsample + model_init + adapter_init + classifier_init + dataloader_shuffle
lora,roberta-base,mrpc,80,31,0.6838235294117647,0.6838235294117647,False,887042,294912,592130,,1.2,0.0002,16,128,0.1,1.0,True,10,controls data_subsample + model_init + adapter_init + classifier_init + dataloader_shuffle
lora,roberta-base,mrpc,80,37,0.6838235294117647,0.6838235294117647,False,887042,294912,592130,,1.2,0.0002,16,128,0.1,1.0,True,10,controls data_subsample + model_init + adapter_init + classifier_init + dataloader_shuffle
lora,roberta-base,mrpc,80,41,0.6838235294117647,0.6838235294117647,False,887042,294912,592130,,1.2,0.0002,16,128,0.1,1.0,True,10,controls data_subsample + model_init + adapter_init + classifier_init + dataloader_shuffle
lora,roberta-base,mrpc,320,31,0.7083333333333334,0.6838235294117647,False,887042,294912,592130,,4.3,0.0002,16,128,0.1,1.0,True,10,controls data_subsample + model_init + adapter_init + classifier_init + dataloader_shuffle
lora,roberta-base,mrpc,320,37,0.7083333333333334,0.6838235294117647,False,887042,294912,592130,,4.9,0.0002,16,128,0.1,1.0,True,10,controls data_subsample + model_init + adapter_init + classifier_init + dataloader_shuffle
lora,roberta-base,mrpc,320,41,0.6985294117647058,0.6838235294117647,False,887042,294912,592130,,4.4,0.0002,16,128,0.1,1.0,True,10,controls data_subsample + model_init + adapter_init + classifier_init + dataloader_shuffle
lora,roberta-base,mrpc,1280,31,0.8529411764705882,0.6838235294117647,False,887042,294912,592130,,17.3,0.0002,16,128,0.1,1.0,True,10,controls data_subsample + model_init + adapter_init + classifier_init + dataloader_shuffle
lora,roberta-base,mrpc,1280,37,0.8333333333333334,0.6838235294117647,False,887042,294912,592130,,17.2,0.0002,16,128,0.1,1.0,True,10,controls data_subsample + model_init + adapter_init + classifier_init + dataloader_shuffle
lora,roberta-base,mrpc,1280,41,0.8382352941176471,0.6838235294117647,False,887042,294912,592130,,17.2,0.0002,16,128,0.1,1.0,True,10,controls data_subsample + model_init + adapter_init + classifier_init + dataloader_shuffle
lora_bitfit,roberta-base,mrpc,80,31,0.6838235294117647,0.6838235294117647,False,989956,397056,592900,,1.4,0.0002,16,128,0.1,1.0,True,10,controls data_subsample + model_init + adapter_init + classifier_init + dataloader_shuffle
lora_bitfit,roberta-base,mrpc,80,37,0.6838235294117647,0.6838235294117647,False,989956,397056,592900,,1.5,0.0002,16,128,0.1,1.0,True,10,controls data_subsample + model_init + adapter_init + classifier_init + dataloader_shuffle
lora_bitfit,roberta-base,mrpc,80,41,0.6838235294117647,0.6838235294117647,False,989956,397056,592900,,1.4,0.0002,16,128,0.1,1.0,True,10,controls data_subsample + model_init + adapter_init + classifier_init + dataloader_shuffle
lora_bitfit,roberta-base,mrpc,320,31,0.7132352941176471,0.6838235294117647,False,989956,397056,592900,,5.3,0.0002,16,128,0.1,1.0,True,10,controls data_subsample + model_init + adapter_init + classifier_init + dataloader_shuffle
lora_bitfit,roberta-base,mrpc,320,37,0.7083333333333334,0.6838235294117647,False,989956,397056,592900,,5.1,0.0002,16,128,0.1,1.0,True,10,controls data_subsample + model_init + adapter_init + classifier_init + dataloader_shuffle
lora_bitfit,roberta-base,mrpc,320,41,0.7132352941176471,0.6838235294117647,False,989956,397056,592900,,5.1,0.0002,16,128,0.1,1.0,True,10,controls data_subsample + model_init + adapter_init + classifier_init + dataloader_shuffle
lora_bitfit,roberta-base,mrpc,1280,31,0.8774509803921569,0.6838235294117647,False,989956,397056,592900,,19.9,0.0002,16,128,0.1,1.0,True,10,controls data_subsample + model_init + adapter_init + classifier_init + dataloader_shuffle
lora_bitfit,roberta-base,mrpc,1280,37,0.8259803921568627,0.6838235294117647,False,989956,397056,592900,,23.6,0.0002,16,128,0.1,1.0,True,10,controls data_subsample + model_init + adapter_init + classifier_init + dataloader_shuffle
lora_bitfit,roberta-base,mrpc,1280,41,0.8480392156862745,0.6838235294117647,False,989956,397056,592900,,19.8,0.0002,16,128,0.1,1.0,True,10,controls data_subsample + model_init + adapter_init + classifier_init + dataloader_shuffle
lora_bitfit_ia3,roberta-base,mrpc,80,31,0.6838235294117647,0.6838235294117647,False,1017604,424704,592900,manual_hook,1.6,0.0002,16,128,0.1,1.0,True,10,controls data_subsample + model_init + adapter_init + classifier_init + dataloader_shuffle
lora_bitfit_ia3,roberta-base,mrpc,80,37,0.6838235294117647,0.6838235294117647,False,1017604,424704,592900,manual_hook,1.6,0.0002,16,128,0.1,1.0,True,10,controls data_subsample + model_init + adapter_init + classifier_init + dataloader_shuffle
lora_bitfit_ia3,roberta-base,mrpc,80,41,0.6838235294117647,0.6838235294117647,False,1017604,424704,592900,manual_hook,1.6,0.0002,16,128,0.1,1.0,True,10,controls data_subsample + model_init + adapter_init + classifier_init + dataloader_shuffle
lora_bitfit_ia3,roberta-base,mrpc,320,31,0.7132352941176471,0.6838235294117647,False,1017604,424704,592900,manual_hook,5.6,0.0002,16,128,0.1,1.0,True,10,controls data_subsample + model_init + adapter_init + classifier_init + dataloader_shuffle
lora_bitfit_ia3,roberta-base,mrpc,320,37,0.7009803921568627,0.6838235294117647,False,1017604,424704,592900,manual_hook,5.7,0.0002,16,128,0.1,1.0,True,10,controls data_subsample + model_init + adapter_init + classifier_init + dataloader_shuffle
lora_bitfit_ia3,roberta-base,mrpc,320,41,0.7303921568627451,0.6838235294117647,False,1017604,424704,592900,manual_hook,5.7,0.0002,16,128,0.1,1.0,True,10,controls data_subsample + model_init + adapter_init + classifier_init + dataloader_shuffle
lora_bitfit_ia3,roberta-base,mrpc,1280,31,0.8529411764705882,0.6838235294117647,False,1017604,424704,592900,manual_hook,24.4,0.0002,16,128,0.1,1.0,True,10,controls data_subsample + model_init + adapter_init + classifier_init + dataloader_shuffle
lora_bitfit_ia3,roberta-base,mrpc,1280,37,0.8504901960784313,0.6838235294117647,False,1017604,424704,592900,manual_hook,21.8,0.0002,16,128,0.1,1.0,True,10,controls data_subsample + model_init + adapter_init + classifier_init + dataloader_shuffle
lora_bitfit_ia3,roberta-base,mrpc,1280,41,0.8308823529411765,0.6838235294117647,False,1017604,424704,592900,manual_hook,23.3,0.0002,16,128,0.1,1.0,True,10,controls data_subsample + model_init + adapter_init + classifier_init + dataloader_shuffle
lora_ia3,roberta-base,mrpc,80,31,0.6838235294117647,0.6838235294117647,False,914690,322560,592130,manual_hook,1.4,0.0002,16,128,0.1,1.0,True,10,controls data_subsample + model_init + adapter_init + classifier_init + dataloader_shuffle
lora_ia3,roberta-base,mrpc,80,37,0.6838235294117647,0.6838235294117647,False,914690,322560,592130,manual_hook,1.4,0.0002,16,128,0.1,1.0,True,10,controls data_subsample + model_init + adapter_init + classifier_init + dataloader_shuffle
lora_ia3,roberta-base,mrpc,80,41,0.6838235294117647,0.6838235294117647,False,914690,322560,592130,manual_hook,1.4,0.0002,16,128,0.1,1.0,True,10,controls data_subsample + model_init + adapter_init + classifier_init + dataloader_shuffle
lora_ia3,roberta-base,mrpc,320,31,0.7107843137254902,0.6838235294117647,False,914690,322560,592130,manual_hook,5.5,0.0002,16,128,0.1,1.0,True,10,controls data_subsample + model_init + adapter_init + classifier_init + dataloader_shuffle
lora_ia3,roberta-base,mrpc,320,37,0.7107843137254902,0.6838235294117647,False,914690,322560,592130,manual_hook,5.3,0.0002,16,128,0.1,1.0,True,10,controls data_subsample + model_init + adapter_init + classifier_init + dataloader_shuffle
lora_ia3,roberta-base,mrpc,320,41,0.6936274509803921,0.6838235294117647,False,914690,322560,592130,manual_hook,5.0,0.0002,16,128,0.1,1.0,True,10,controls data_subsample + model_init + adapter_init + classifier_init + dataloader_shuffle
lora_ia3,roberta-base,mrpc,1280,31,0.8504901960784313,0.6838235294117647,False,914690,322560,592130,manual_hook,22.1,0.0002,16,128,0.1,1.0,True,10,controls data_subsample + model_init + adapter_init + classifier_init + dataloader_shuffle
lora_ia3,roberta-base,mrpc,1280,37,0.8431372549019608,0.6838235294117647,False,914690,322560,592130,manual_hook,21.9,0.0002,16,128,0.1,1.0,True,10,controls data_subsample + model_init + adapter_init + classifier_init + dataloader_shuffle
lora_ia3,roberta-base,mrpc,1280,41,0.8284313725490197,0.6838235294117647,False,914690,322560,592130,manual_hook,23.3,0.0002,16,128,0.1,1.0,True,10,controls data_subsample + model_init + adapter_init + classifier_init + dataloader_shuffle
lora_param_matched_r12,roberta-base,mrpc,80,31,0.6838235294117647,0.6838235294117647,False,1034498,442368,592130,,1.2,0.0002,16,128,0.1,1.0,True,10,controls data_subsample + model_init + adapter_init + classifier_init + dataloader_shuffle
lora_param_matched_r12,roberta-base,mrpc,80,37,0.6838235294117647,0.6838235294117647,False,1034498,442368,592130,,1.2,0.0002,16,128,0.1,1.0,True,10,controls data_subsample + model_init + adapter_init + classifier_init + dataloader_shuffle
lora_param_matched_r12,roberta-base,mrpc,80,41,0.6838235294117647,0.6838235294117647,False,1034498,442368,592130,,1.2,0.0002,16,128,0.1,1.0,True,10,controls data_subsample + model_init + adapter_init + classifier_init + dataloader_shuffle
lora_param_matched_r12,roberta-base,mrpc,320,31,0.7549019607843137,0.6838235294117647,False,1034498,442368,592130,,5.2,0.0002,16,128,0.1,1.0,True,10,controls data_subsample + model_init + adapter_init + classifier_init + dataloader_shuffle
lora_param_matched_r12,roberta-base,mrpc,320,37,0.7058823529411765,0.6838235294117647,False,1034498,442368,592130,,4.4,0.0002,16,128,0.1,1.0,True,10,controls data_subsample + model_init + adapter_init + classifier_init + dataloader_shuffle
lora_param_matched_r12,roberta-base,mrpc,320,41,0.7328431372549019,0.6838235294117647,False,1034498,442368,592130,,4.6,0.0002,16,128,0.1,1.0,True,10,controls data_subsample + model_init + adapter_init + classifier_init + dataloader_shuffle
lora_param_matched_r12,roberta-base,mrpc,1280,31,0.8651960784313726,0.6838235294117647,False,1034498,442368,592130,,16.9,0.0002,16,128,0.1,1.0,True,10,controls data_subsample + model_init + adapter_init + classifier_init + dataloader_shuffle
lora_param_matched_r12,roberta-base,mrpc,1280,37,0.8676470588235294,0.6838235294117647,False,1034498,442368,592130,,17.7,0.0002,16,128,0.1,1.0,True,10,controls data_subsample + model_init + adapter_init + classifier_init + dataloader_shuffle
lora_param_matched_r12,roberta-base,mrpc,1280,41,0.8308823529411765,0.6838235294117647,False,1034498,442368,592130,,16.8,0.0002,16,128,0.1,1.0,True,10,controls data_subsample + model_init + adapter_init + classifier_init + dataloader_shuffle
bitfit,roberta-base,qnli,80,31,0.4995423759838916,0.5053999633900788,True,694274,102144,592130,,1.8,0.0002,16,128,0.1,1.0,True,10,controls data_subsample + model_init + adapter_init + classifier_init + dataloader_shuffle
bitfit,roberta-base,qnli,80,37,0.527732015376167,0.5053999633900788,False,694274,102144,592130,,1.8,0.0002,16,128,0.1,1.0,True,10,controls data_subsample + model_init + adapter_init + classifier_init + dataloader_shuffle
bitfit,roberta-base,qnli,80,41,0.4993593263774483,0.5053999633900788,True,694274,102144,592130,,1.8,0.0002,16,128,0.1,1.0,True,10,controls data_subsample + model_init + adapter_init + classifier_init + dataloader_shuffle
bitfit,roberta-base,qnli,320,31,0.5198608822991031,0.5053999633900788,False,694274,102144,592130,,3.9,0.0002,16,128,0.1,1.0,True,10,controls data_subsample + model_init + adapter_init + classifier_init + dataloader_shuffle
bitfit,roberta-base,qnli,320,37,0.5081457074867289,0.5053999633900788,False,694274,102144,592130,,3.9,0.0002,16,128,0.1,1.0,True,10,controls data_subsample + model_init + adapter_init + classifier_init + dataloader_shuffle
bitfit,roberta-base,qnli,320,41,0.4946000366099213,0.5053999633900788,True,694274,102144,592130,,5.0,0.0002,16,128,0.1,1.0,True,10,controls data_subsample + model_init + adapter_init + classifier_init + dataloader_shuffle
bitfit,roberta-base,qnli,1280,31,0.6181585209591799,0.5053999633900788,False,694274,102144,592130,,16.2,0.0002,16,128,0.1,1.0,True,10,controls data_subsample + model_init + adapter_init + classifier_init + dataloader_shuffle
bitfit,roberta-base,qnli,1280,37,0.6377448288486179,0.5053999633900788,False,694274,102144,592130,,12.8,0.0002,16,128,0.1,1.0,True,10,controls data_subsample + model_init + adapter_init + classifier_init + dataloader_shuffle
bitfit,roberta-base,qnli,1280,41,0.5870400878638111,0.5053999633900788,False,694274,102144,592130,,12.7,0.0002,16,128,0.1,1.0,True,10,controls data_subsample + model_init + adapter_init + classifier_init + dataloader_shuffle
bitfit_ia3,roberta-base,qnli,80,31,0.49789492952590153,0.5053999633900788,True,722692,129792,592900,peft_native,2.7,0.0002,16,128,0.1,1.0,True,10,controls data_subsample + model_init + adapter_init + classifier_init + dataloader_shuffle
bitfit_ia3,roberta-base,qnli,80,37,0.5251693208859601,0.5053999633900788,False,722692,129792,592900,peft_native,2.6,0.0002,16,128,0.1,1.0,True,10,controls data_subsample + model_init + adapter_init + classifier_init + dataloader_shuffle
bitfit_ia3,roberta-base,qnli,80,41,0.4993593263774483,0.5053999633900788,True,722692,129792,592900,peft_native,2.9,0.0002,16,128,0.1,1.0,True,10,controls data_subsample + model_init + adapter_init + classifier_init + dataloader_shuffle
bitfit_ia3,roberta-base,qnli,320,31,0.5253523704924035,0.5053999633900788,False,722692,129792,592900,peft_native,6.7,0.0002,16,128,0.1,1.0,True,10,controls data_subsample + model_init + adapter_init + classifier_init + dataloader_shuffle
bitfit_ia3,roberta-base,qnli,320,37,0.510342302764049,0.5053999633900788,False,722692,129792,592900,peft_native,5.8,0.0002,16,128,0.1,1.0,True,10,controls data_subsample + model_init + adapter_init + classifier_init + dataloader_shuffle
bitfit_ia3,roberta-base,qnli,320,41,0.49478308621636463,0.5053999633900788,True,722692,129792,592900,peft_native,5.9,0.0002,16,128,0.1,1.0,True,10,controls data_subsample + model_init + adapter_init + classifier_init + dataloader_shuffle
bitfit_ia3,roberta-base,qnli,1280,31,0.7375068643602416,0.5053999633900788,False,722692,129792,592900,peft_native,18.9,0.0002,16,128,0.1,1.0,True,10,controls data_subsample + model_init + adapter_init + classifier_init + dataloader_shuffle
bitfit_ia3,roberta-base,qnli,1280,37,0.7640490572945268,0.5053999633900788,False,722692,129792,592900,peft_native,19.0,0.0002,16,128,0.1,1.0,True,10,controls data_subsample + model_init + adapter_init + classifier_init + dataloader_shuffle
bitfit_ia3,roberta-base,qnli,1280,41,0.6322533406553176,0.5053999633900788,False,722692,129792,592900,peft_native,19.0,0.0002,16,128,0.1,1.0,True,10,controls data_subsample + model_init + adapter_init + classifier_init + dataloader_shuffle
ia3,roberta-base,qnli,80,31,0.5055830129965221,0.5053999633900788,False,619778,27648,592130,peft_native,3.0,0.0002,16,128,0.1,1.0,True,10,controls data_subsample + model_init + adapter_init + classifier_init + dataloader_shuffle
ia3,roberta-base,qnli,80,37,0.5237049240344134,0.5053999633900788,False,619778,27648,592130,peft_native,2.4,0.0002,16,128,0.1,1.0,True,10,controls data_subsample + model_init + adapter_init + classifier_init + dataloader_shuffle
ia3,roberta-base,qnli,80,41,0.4993593263774483,0.5053999633900788,True,619778,27648,592130,peft_native,2.4,0.0002,16,128,0.1,1.0,True,10,controls data_subsample + model_init + adapter_init + classifier_init + dataloader_shuffle
ia3,roberta-base,qnli,320,31,0.5244371224601867,0.5053999633900788,False,619778,27648,592130,peft_native,5.1,0.0002,16,128,0.1,1.0,True,10,controls data_subsample + model_init + adapter_init + classifier_init + dataloader_shuffle
ia3,roberta-base,qnli,320,37,0.5099762035511624,0.5053999633900788,False,619778,27648,592130,peft_native,5.3,0.0002,16,128,0.1,1.0,True,10,controls data_subsample + model_init + adapter_init + classifier_init + dataloader_shuffle
ia3,roberta-base,qnli,320,41,0.49496613582280796,0.5053999633900788,True,619778,27648,592130,peft_native,6.3,0.0002,16,128,0.1,1.0,True,10,controls data_subsample + model_init + adapter_init + classifier_init + dataloader_shuffle
ia3,roberta-base,qnli,1280,31,0.5994874611019586,0.5053999633900788,False,619778,27648,592130,peft_native,19.2,0.0002,16,128,0.1,1.0,True,10,controls data_subsample + model_init + adapter_init + classifier_init + dataloader_shuffle
ia3,roberta-base,qnli,1280,37,0.5676368295808164,0.5053999633900788,False,619778,27648,592130,peft_native,16.2,0.0002,16,128,0.1,1.0,True,10,controls data_subsample + model_init + adapter_init + classifier_init + dataloader_shuffle
ia3,roberta-base,qnli,1280,41,0.5412776862529746,0.5053999633900788,False,619778,27648,592130,peft_native,20.6,0.0002,16,128,0.1,1.0,True,10,controls data_subsample + model_init + adapter_init + classifier_init + dataloader_shuffle
lora,roberta-base,qnli,80,31,0.5006406736225517,0.5053999633900788,True,887042,294912,592130,,2.6,0.0002,16,128,0.1,1.0,True,10,controls data_subsample + model_init + adapter_init + classifier_init + dataloader_shuffle
lora,roberta-base,qnli,80,37,0.5242540728537434,0.5053999633900788,False,887042,294912,592130,,2.6,0.0002,16,128,0.1,1.0,True,10,controls data_subsample + model_init + adapter_init + classifier_init + dataloader_shuffle
lora,roberta-base,qnli,80,41,0.5043016657514187,0.5053999633900788,True,887042,294912,592130,,2.6,0.0002,16,128,0.1,1.0,True,10,controls data_subsample + model_init + adapter_init + classifier_init + dataloader_shuffle
lora,roberta-base,qnli,320,31,0.5800842028189639,0.5053999633900788,False,887042,294912,592130,,5.8,0.0002,16,128,0.1,1.0,True,10,controls data_subsample + model_init + adapter_init + classifier_init + dataloader_shuffle
lora,roberta-base,qnli,320,37,0.5562877539813289,0.5053999633900788,False,887042,294912,592130,,6.2,0.0002,16,128,0.1,1.0,True,10,controls data_subsample + model_init + adapter_init + classifier_init + dataloader_shuffle
lora,roberta-base,qnli,320,41,0.6750869485630606,0.5053999633900788,False,887042,294912,592130,,5.6,0.0002,16,128,0.1,1.0,True,10,controls data_subsample + model_init + adapter_init + classifier_init + dataloader_shuffle
lora,roberta-base,qnli,1280,31,0.8407468423942889,0.5053999633900788,False,887042,294912,592130,,18.6,0.0002,16,128,0.1,1.0,True,10,controls data_subsample + model_init + adapter_init + classifier_init + dataloader_shuffle
lora,roberta-base,qnli,1280,37,0.8332418085301116,0.5053999633900788,False,887042,294912,592130,,20.8,0.0002,16,128,0.1,1.0,True,10,controls data_subsample + model_init + adapter_init + classifier_init + dataloader_shuffle
lora,roberta-base,qnli,1280,41,0.8449569833424858,0.5053999633900788,False,887042,294912,592130,,19.2,0.0002,16,128,0.1,1.0,True,10,controls data_subsample + model_init + adapter_init + classifier_init + dataloader_shuffle
lora_bitfit,roberta-base,qnli,80,31,0.4973457807065715,0.5053999633900788,True,989956,397056,592900,,3.6,0.0002,16,128,0.1,1.0,True,10,controls data_subsample + model_init + adapter_init + classifier_init + dataloader_shuffle
lora_bitfit,roberta-base,qnli,80,37,0.5280981145890536,0.5053999633900788,False,989956,397056,592900,,2.9,0.0002,16,128,0.1,1.0,True,10,controls data_subsample + model_init + adapter_init + classifier_init + dataloader_shuffle
lora_bitfit,roberta-base,qnli,80,41,0.5052169137836353,0.5053999633900788,True,989956,397056,592900,,3.6,0.0002,16,128,0.1,1.0,True,10,controls data_subsample + model_init + adapter_init + classifier_init + dataloader_shuffle
lora_bitfit,roberta-base,qnli,320,31,0.6069924949661358,0.5053999633900788,False,989956,397056,592900,,7.1,0.0002,16,128,0.1,1.0,True,10,controls data_subsample + model_init + adapter_init + classifier_init + dataloader_shuffle
lora_bitfit,roberta-base,qnli,320,37,0.5606809445359693,0.5053999633900788,False,989956,397056,592900,,6.6,0.0002,16,128,0.1,1.0,True,10,controls data_subsample + model_init + adapter_init + classifier_init + dataloader_shuffle
lora_bitfit,roberta-base,qnli,320,41,0.6666666666666666,0.5053999633900788,False,989956,397056,592900,,6.9,0.0002,16,128,0.1,1.0,True,10,controls data_subsample + model_init + adapter_init + classifier_init + dataloader_shuffle
lora_bitfit,roberta-base,qnli,1280,31,0.8416620904265056,0.5053999633900788,False,989956,397056,592900,,21.0,0.0002,16,128,0.1,1.0,True,10,controls data_subsample + model_init + adapter_init + classifier_init + dataloader_shuffle
lora_bitfit,roberta-base,qnli,1280,37,0.8314113124656782,0.5053999633900788,False,989956,397056,592900,,22.4,0.0002,16,128,0.1,1.0,True,10,controls data_subsample + model_init + adapter_init + classifier_init + dataloader_shuffle
lora_bitfit,roberta-base,qnli,1280,41,0.8403807431814022,0.5053999633900788,False,989956,397056,592900,,23.1,0.0002,16,128,0.1,1.0,True,10,controls data_subsample + model_init + adapter_init + classifier_init + dataloader_shuffle
lora_bitfit_ia3,roberta-base,qnli,80,31,0.4977118799194582,0.5053999633900788,True,1017604,424704,592900,manual_hook,3.3,0.0002,16,128,0.1,1.0,True,10,controls data_subsample + model_init + adapter_init + classifier_init + dataloader_shuffle
lora_bitfit_ia3,roberta-base,qnli,80,37,0.5290133626212704,0.5053999633900788,False,1017604,424704,592900,manual_hook,3.0,0.0002,16,128,0.1,1.0,True,10,controls data_subsample + model_init + adapter_init + classifier_init + dataloader_shuffle
lora_bitfit_ia3,roberta-base,qnli,80,41,0.5017389712612118,0.5053999633900788,True,1017604,424704,592900,manual_hook,3.2,0.0002,16,128,0.1,1.0,True,10,controls data_subsample + model_init + adapter_init + classifier_init + dataloader_shuffle
lora_bitfit_ia3,roberta-base,qnli,320,31,0.6888156690463115,0.5053999633900788,False,1017604,424704,592900,manual_hook,7.8,0.0002,16,128,0.1,1.0,True,10,controls data_subsample + model_init + adapter_init + classifier_init + dataloader_shuffle
lora_bitfit_ia3,roberta-base,qnli,320,37,0.5588504484715358,0.5053999633900788,False,1017604,424704,592900,manual_hook,7.1,0.0002,16,128,0.1,1.0,True,10,controls data_subsample + model_init + adapter_init + classifier_init + dataloader_shuffle
lora_bitfit_ia3,roberta-base,qnli,320,41,0.66575141863445,0.5053999633900788,False,1017604,424704,592900,manual_hook,7.3,0.0002,16,128,0.1,1.0,True,10,controls data_subsample + model_init + adapter_init + classifier_init + dataloader_shuffle
lora_bitfit_ia3,roberta-base,qnli,1280,31,0.8491671242906828,0.5053999633900788,False,1017604,424704,592900,manual_hook,23.5,0.0002,16,128,0.1,1.0,True,10,controls data_subsample + model_init + adapter_init + classifier_init + dataloader_shuffle
lora_bitfit_ia3,roberta-base,qnli,1280,37,0.8378180486911954,0.5053999633900788,False,1017604,424704,592900,manual_hook,23.3,0.0002,16,128,0.1,1.0,True,10,controls data_subsample + model_init + adapter_init + classifier_init + dataloader_shuffle
lora_bitfit_ia3,roberta-base,qnli,1280,41,0.8449569833424858,0.5053999633900788,False,1017604,424704,592900,manual_hook,23.8,0.0002,16,128,0.1,1.0,True,10,controls data_subsample + model_init + adapter_init + classifier_init + dataloader_shuffle
lora_ia3,roberta-base,qnli,80,31,0.5011898224418817,0.5053999633900788,True,914690,322560,592130,manual_hook,3.2,0.0002,16,128,0.1,1.0,True,10,controls data_subsample + model_init + adapter_init + classifier_init + dataloader_shuffle
lora_ia3,roberta-base,qnli,80,37,0.5299286106534871,0.5053999633900788,False,914690,322560,592130,manual_hook,2.9,0.0002,16,128,0.1,1.0,True,10,controls data_subsample + model_init + adapter_init + classifier_init + dataloader_shuffle
lora_ia3,roberta-base,qnli,80,41,0.5043016657514187,0.5053999633900788,True,914690,322560,592130,manual_hook,3.4,0.0002,16,128,0.1,1.0,True,10,controls data_subsample + model_init + adapter_init + classifier_init + dataloader_shuffle
lora_ia3,roberta-base,qnli,320,31,0.5928976752699981,0.5053999633900788,False,914690,322560,592130,manual_hook,7.0,0.0002,16,128,0.1,1.0,True,10,controls data_subsample + model_init + adapter_init + classifier_init + dataloader_shuffle
lora_ia3,roberta-base,qnli,320,37,0.5581182500457624,0.5053999633900788,False,914690,322560,592130,manual_hook,7.1,0.0002,16,128,0.1,1.0,True,10,controls data_subsample + model_init + adapter_init + classifier_init + dataloader_shuffle
lora_ia3,roberta-base,qnli,320,41,0.6296906461651107,0.5053999633900788,False,914690,322560,592130,manual_hook,7.2,0.0002,16,128,0.1,1.0,True,10,controls data_subsample + model_init + adapter_init + classifier_init + dataloader_shuffle
lora_ia3,roberta-base,qnli,1280,31,0.8447739337360425,0.5053999633900788,False,914690,322560,592130,manual_hook,21.1,0.0002,16,128,0.1,1.0,True,10,controls data_subsample + model_init + adapter_init + classifier_init + dataloader_shuffle
lora_ia3,roberta-base,qnli,1280,37,0.8396485447556288,0.5053999633900788,False,914690,322560,592130,manual_hook,25.2,0.0002,16,128,0.1,1.0,True,10,controls data_subsample + model_init + adapter_init + classifier_init + dataloader_shuffle
lora_ia3,roberta-base,qnli,1280,41,0.8434925864909391,0.5053999633900788,False,914690,322560,592130,manual_hook,21.4,0.0002,16,128,0.1,1.0,True,10,controls data_subsample + model_init + adapter_init + classifier_init + dataloader_shuffle
lora_param_matched_r12,roberta-base,qnli,80,31,0.499725425590335,0.5053999633900788,True,1034498,442368,592130,,3.2,0.0002,16,128,0.1,1.0,True,10,controls data_subsample + model_init + adapter_init + classifier_init + dataloader_shuffle
lora_param_matched_r12,roberta-base,qnli,80,37,0.528281164195497,0.5053999633900788,False,1034498,442368,592130,,2.7,0.0002,16,128,0.1,1.0,True,10,controls data_subsample + model_init + adapter_init + classifier_init + dataloader_shuffle
lora_param_matched_r12,roberta-base,qnli,80,41,0.5064982610287387,0.5053999633900788,False,1034498,442368,592130,,2.8,0.0002,16,128,0.1,1.0,True,10,controls data_subsample + model_init + adapter_init + classifier_init + dataloader_shuffle
lora_param_matched_r12,roberta-base,qnli,320,31,0.7750320336811276,0.5053999633900788,False,1034498,442368,592130,,6.3,0.0002,16,128,0.1,1.0,True,10,controls data_subsample + model_init + adapter_init + classifier_init + dataloader_shuffle
lora_param_matched_r12,roberta-base,qnli,320,37,0.5868570382573678,0.5053999633900788,False,1034498,442368,592130,,5.7,0.0002,16,128,0.1,1.0,True,10,controls data_subsample + model_init + adapter_init + classifier_init + dataloader_shuffle
lora_param_matched_r12,roberta-base,qnli,320,41,0.7761303313197877,0.5053999633900788,False,1034498,442368,592130,,5.7,0.0002,16,128,0.1,1.0,True,10,controls data_subsample + model_init + adapter_init + classifier_init + dataloader_shuffle
lora_param_matched_r12,roberta-base,qnli,1280,31,0.8478857770455793,0.5053999633900788,False,1034498,442368,592130,,21.7,0.0002,16,128,0.1,1.0,True,10,controls data_subsample + model_init + adapter_init + classifier_init + dataloader_shuffle
lora_param_matched_r12,roberta-base,qnli,1280,37,0.8359875526267618,0.5053999633900788,False,1034498,442368,592130,,18.9,0.0002,16,128,0.1,1.0,True,10,controls data_subsample + model_init + adapter_init + classifier_init + dataloader_shuffle
lora_param_matched_r12,roberta-base,qnli,1280,41,0.8480688266520227,0.5053999633900788,False,1034498,442368,592130,,21.7,0.0002,16,128,0.1,1.0,True,10,controls data_subsample + model_init + adapter_init + classifier_init + dataloader_shuffle
bitfit,roberta-base,rte,80,31,0.5270758122743683,0.5270758122743683,False,694274,102144,592130,,1.0,0.0002,16,128,0.1,1.0,True,10,controls data_subsample + model_init + adapter_init + classifier_init + dataloader_shuffle
bitfit,roberta-base,rte,80,37,0.5415162454873647,0.5270758122743683,False,694274,102144,592130,,0.8,0.0002,16,128,0.1,1.0,True,10,controls data_subsample + model_init + adapter_init + classifier_init + dataloader_shuffle
bitfit,roberta-base,rte,80,41,0.5270758122743683,0.5270758122743683,False,694274,102144,592130,,0.8,0.0002,16,128,0.1,1.0,True,10,controls data_subsample + model_init + adapter_init + classifier_init + dataloader_shuffle
bitfit,roberta-base,rte,320,31,0.555956678700361,0.5270758122743683,False,694274,102144,592130,,3.2,0.0002,16,128,0.1,1.0,True,10,controls data_subsample + model_init + adapter_init + classifier_init + dataloader_shuffle
bitfit,roberta-base,rte,320,37,0.5379061371841155,0.5270758122743683,False,694274,102144,592130,,3.3,0.0002,16,128,0.1,1.0,True,10,controls data_subsample + model_init + adapter_init + classifier_init + dataloader_shuffle
bitfit,roberta-base,rte,320,41,0.49097472924187724,0.5270758122743683,True,694274,102144,592130,,2.9,0.0002,16,128,0.1,1.0,True,10,controls data_subsample + model_init + adapter_init + classifier_init + dataloader_shuffle
bitfit,roberta-base,rte,1280,31,0.6534296028880866,0.5270758122743683,False,694274,102144,592130,,13.4,0.0002,16,128,0.1,1.0,True,10,controls data_subsample + model_init + adapter_init + classifier_init + dataloader_shuffle
bitfit,roberta-base,rte,1280,37,0.5631768953068592,0.5270758122743683,False,694274,102144,592130,,11.8,0.0002,16,128,0.1,1.0,True,10,controls data_subsample + model_init + adapter_init + classifier_init + dataloader_shuffle
bitfit,roberta-base,rte,1280,41,0.5776173285198556,0.5270758122743683,False,694274,102144,592130,,12.0,0.0002,16,128,0.1,1.0,True,10,controls data_subsample + model_init + adapter_init + classifier_init + dataloader_shuffle
bitfit_ia3,roberta-base,rte,80,31,0.5270758122743683,0.5270758122743683,False,722692,129792,592900,peft_native,1.3,0.0002,16,128,0.1,1.0,True,10,controls data_subsample + model_init + adapter_init + classifier_init + dataloader_shuffle
bitfit_ia3,roberta-base,rte,80,37,0.5379061371841155,0.5270758122743683,False,722692,129792,592900,peft_native,1.2,0.0002,16,128,0.1,1.0,True,10,controls data_subsample + model_init + adapter_init + classifier_init + dataloader_shuffle
bitfit_ia3,roberta-base,rte,80,41,0.5270758122743683,0.5270758122743683,False,722692,129792,592900,peft_native,1.2,0.0002,16,128,0.1,1.0,True,10,controls data_subsample + model_init + adapter_init + classifier_init + dataloader_shuffle
bitfit_ia3,roberta-base,rte,320,31,0.5415162454873647,0.5270758122743683,False,722692,129792,592900,peft_native,4.4,0.0002,16,128,0.1,1.0,True,10,controls data_subsample + model_init + adapter_init + classifier_init + dataloader_shuffle
bitfit_ia3,roberta-base,rte,320,37,0.555956678700361,0.5270758122743683,False,722692,129792,592900,peft_native,5.0,0.0002,16,128,0.1,1.0,True,10,controls data_subsample + model_init + adapter_init + classifier_init + dataloader_shuffle
bitfit_ia3,roberta-base,rte,320,41,0.49458483754512633,0.5270758122743683,True,722692,129792,592900,peft_native,5.6,0.0002,16,128,0.1,1.0,True,10,controls data_subsample + model_init + adapter_init + classifier_init + dataloader_shuffle
bitfit_ia3,roberta-base,rte,1280,31,0.6714801444043321,0.5270758122743683,False,722692,129792,592900,peft_native,23.3,0.0002,16,128,0.1,1.0,True,10,controls data_subsample + model_init + adapter_init + classifier_init + dataloader_shuffle
bitfit_ia3,roberta-base,rte,1280,37,0.5523465703971119,0.5270758122743683,False,722692,129792,592900,peft_native,17.9,0.0002,16,128,0.1,1.0,True,10,controls data_subsample + model_init + adapter_init + classifier_init + dataloader_shuffle
bitfit_ia3,roberta-base,rte,1280,41,0.5740072202166066,0.5270758122743683,False,722692,129792,592900,peft_native,22.2,0.0002,16,128,0.1,1.0,True,10,controls data_subsample + model_init + adapter_init + classifier_init + dataloader_shuffle
ia3,roberta-base,rte,80,31,0.5270758122743683,0.5270758122743683,False,619778,27648,592130,peft_native,1.3,0.0002,16,128,0.1,1.0,True,10,controls data_subsample + model_init + adapter_init + classifier_init + dataloader_shuffle
ia3,roberta-base,rte,80,37,0.5451263537906137,0.5270758122743683,False,619778,27648,592130,peft_native,1.0,0.0002,16,128,0.1,1.0,True,10,controls data_subsample + model_init + adapter_init + classifier_init + dataloader_shuffle
ia3,roberta-base,rte,80,41,0.5270758122743683,0.5270758122743683,False,619778,27648,592130,peft_native,1.0,0.0002,16,128,0.1,1.0,True,10,controls data_subsample + model_init + adapter_init + classifier_init + dataloader_shuffle
ia3,roberta-base,rte,320,31,0.5451263537906137,0.5270758122743683,False,619778,27648,592130,peft_native,4.1,0.0002,16,128,0.1,1.0,True,10,controls data_subsample + model_init + adapter_init + classifier_init + dataloader_shuffle
ia3,roberta-base,rte,320,37,0.5487364620938628,0.5270758122743683,False,619778,27648,592130,peft_native,4.4,0.0002,16,128,0.1,1.0,True,10,controls data_subsample + model_init + adapter_init + classifier_init + dataloader_shuffle
ia3,roberta-base,rte,320,41,0.4981949458483754,0.5270758122743683,True,619778,27648,592130,peft_native,3.7,0.0002,16,128,0.1,1.0,True,10,controls data_subsample + model_init + adapter_init + classifier_init + dataloader_shuffle
ia3,roberta-base,rte,1280,31,0.6064981949458483,0.5270758122743683,False,619778,27648,592130,peft_native,15.4,0.0002,16,128,0.1,1.0,True,10,controls data_subsample + model_init + adapter_init + classifier_init + dataloader_shuffle
ia3,roberta-base,rte,1280,37,0.5848375451263538,0.5270758122743683,False,619778,27648,592130,peft_native,16.6,0.0002,16,128,0.1,1.0,True,10,controls data_subsample + model_init + adapter_init + classifier_init + dataloader_shuffle
ia3,roberta-base,rte,1280,41,0.5812274368231047,0.5270758122743683,False,619778,27648,592130,peft_native,14.8,0.0002,16,128,0.1,1.0,True,10,controls data_subsample + model_init + adapter_init + classifier_init + dataloader_shuffle
lora,roberta-base,rte,80,31,0.5270758122743683,0.5270758122743683,False,887042,294912,592130,,1.5,0.0002,16,128,0.1,1.0,True,10,controls data_subsample + model_init + adapter_init + classifier_init + dataloader_shuffle
lora,roberta-base,rte,80,37,0.5523465703971119,0.5270758122743683,False,887042,294912,592130,,1.1,0.0002,16,128,0.1,1.0,True,10,controls data_subsample + model_init + adapter_init + classifier_init + dataloader_shuffle
lora,roberta-base,rte,80,41,0.516245487364621,0.5270758122743683,True,887042,294912,592130,,1.1,0.0002,16,128,0.1,1.0,True,10,controls data_subsample + model_init + adapter_init + classifier_init + dataloader_shuffle
lora,roberta-base,rte,320,31,0.5848375451263538,0.5270758122743683,False,887042,294912,592130,,5.0,0.0002,16,128,0.1,1.0,True,10,controls data_subsample + model_init + adapter_init + classifier_init + dataloader_shuffle
lora,roberta-base,rte,320,37,0.5740072202166066,0.5270758122743683,False,887042,294912,592130,,4.3,0.0002,16,128,0.1,1.0,True,10,controls data_subsample + model_init + adapter_init + classifier_init + dataloader_shuffle
lora,roberta-base,rte,320,41,0.5090252707581228,0.5270758122743683,True,887042,294912,592130,,4.2,0.0002,16,128,0.1,1.0,True,10,controls data_subsample + model_init + adapter_init + classifier_init + dataloader_shuffle
lora,roberta-base,rte,1280,31,0.7003610108303249,0.5270758122743683,False,887042,294912,592130,,19.7,0.0002,16,128,0.1,1.0,True,10,controls data_subsample + model_init + adapter_init + classifier_init + dataloader_shuffle
lora,roberta-base,rte,1280,37,0.6714801444043321,0.5270758122743683,False,887042,294912,592130,,17.1,0.0002,16,128,0.1,1.0,True,10,controls data_subsample + model_init + adapter_init + classifier_init + dataloader_shuffle
lora,roberta-base,rte,1280,41,0.7184115523465704,0.5270758122743683,False,887042,294912,592130,,19.1,0.0002,16,128,0.1,1.0,True,10,controls data_subsample + model_init + adapter_init + classifier_init + dataloader_shuffle
lora_bitfit,roberta-base,rte,80,31,0.5270758122743683,0.5270758122743683,False,989956,397056,592900,,2.2,0.0002,16,128,0.1,1.0,True,10,controls data_subsample + model_init + adapter_init + classifier_init + dataloader_shuffle
lora_bitfit,roberta-base,rte,80,37,0.5487364620938628,0.5270758122743683,False,989956,397056,592900,,1.3,0.0002,16,128,0.1,1.0,True,10,controls data_subsample + model_init + adapter_init + classifier_init + dataloader_shuffle
lora_bitfit,roberta-base,rte,80,41,0.5090252707581228,0.5270758122743683,True,989956,397056,592900,,1.4,0.0002,16,128,0.1,1.0,True,10,controls data_subsample + model_init + adapter_init + classifier_init + dataloader_shuffle
lora_bitfit,roberta-base,rte,320,31,0.592057761732852,0.5270758122743683,False,989956,397056,592900,,5.0,0.0002,16,128,0.1,1.0,True,10,controls data_subsample + model_init + adapter_init + classifier_init + dataloader_shuffle
lora_bitfit,roberta-base,rte,320,37,0.5812274368231047,0.5270758122743683,False,989956,397056,592900,,5.0,0.0002,16,128,0.1,1.0,True,10,controls data_subsample + model_init + adapter_init + classifier_init + dataloader_shuffle
lora_bitfit,roberta-base,rte,320,41,0.48375451263537905,0.5270758122743683,True,989956,397056,592900,,5.1,0.0002,16,128,0.1,1.0,True,10,controls data_subsample + model_init + adapter_init + classifier_init + dataloader_shuffle
lora_bitfit,roberta-base,rte,1280,31,0.7003610108303249,0.5270758122743683,False,989956,397056,592900,,20.0,0.0002,16,128,0.1,1.0,True,10,controls data_subsample + model_init + adapter_init + classifier_init + dataloader_shuffle
lora_bitfit,roberta-base,rte,1280,37,0.6931407942238267,0.5270758122743683,False,989956,397056,592900,,19.6,0.0002,16,128,0.1,1.0,True,10,controls data_subsample + model_init + adapter_init + classifier_init + dataloader_shuffle
lora_bitfit,roberta-base,rte,1280,41,0.7003610108303249,0.5270758122743683,False,989956,397056,592900,,20.2,0.0002,16,128,0.1,1.0,True,10,controls data_subsample + model_init + adapter_init + classifier_init + dataloader_shuffle
lora_bitfit_ia3,roberta-base,rte,80,31,0.5270758122743683,0.5270758122743683,False,1017604,424704,592900,manual_hook,1.5,0.0002,16,128,0.1,1.0,True,10,controls data_subsample + model_init + adapter_init + classifier_init + dataloader_shuffle
lora_bitfit_ia3,roberta-base,rte,80,37,0.5415162454873647,0.5270758122743683,False,1017604,424704,592900,manual_hook,1.5,0.0002,16,128,0.1,1.0,True,10,controls data_subsample + model_init + adapter_init + classifier_init + dataloader_shuffle
lora_bitfit_ia3,roberta-base,rte,80,41,0.5090252707581228,0.5270758122743683,True,1017604,424704,592900,manual_hook,1.5,0.0002,16,128,0.1,1.0,True,10,controls data_subsample + model_init + adapter_init + classifier_init + dataloader_shuffle
lora_bitfit_ia3,roberta-base,rte,320,31,0.6028880866425993,0.5270758122743683,False,1017604,424704,592900,manual_hook,6.1,0.0002,16,128,0.1,1.0,True,10,controls data_subsample + model_init + adapter_init + classifier_init + dataloader_shuffle
lora_bitfit_ia3,roberta-base,rte,320,37,0.5776173285198556,0.5270758122743683,False,1017604,424704,592900,manual_hook,5.6,0.0002,16,128,0.1,1.0,True,10,controls data_subsample + model_init + adapter_init + classifier_init + dataloader_shuffle
lora_bitfit_ia3,roberta-base,rte,320,41,0.48736462093862815,0.5270758122743683,True,1017604,424704,592900,manual_hook,6.6,0.0002,16,128,0.1,1.0,True,10,controls data_subsample + model_init + adapter_init + classifier_init + dataloader_shuffle
lora_bitfit_ia3,roberta-base,rte,1280,31,0.6931407942238267,0.5270758122743683,False,1017604,424704,592900,manual_hook,23.3,0.0002,16,128,0.1,1.0,True,10,controls data_subsample + model_init + adapter_init + classifier_init + dataloader_shuffle
lora_bitfit_ia3,roberta-base,rte,1280,37,0.6895306859205776,0.5270758122743683,False,1017604,424704,592900,manual_hook,24.5,0.0002,16,128,0.1,1.0,True,10,controls data_subsample + model_init + adapter_init + classifier_init + dataloader_shuffle
lora_bitfit_ia3,roberta-base,rte,1280,41,0.7003610108303249,0.5270758122743683,False,1017604,424704,592900,manual_hook,23.3,0.0002,16,128,0.1,1.0,True,10,controls data_subsample + model_init + adapter_init + classifier_init + dataloader_shuffle
lora_ia3,roberta-base,rte,80,31,0.5270758122743683,0.5270758122743683,False,914690,322560,592130,manual_hook,1.6,0.0002,16,128,0.1,1.0,True,10,controls data_subsample + model_init + adapter_init + classifier_init + dataloader_shuffle
lora_ia3,roberta-base,rte,80,37,0.555956678700361,0.5270758122743683,False,914690,322560,592130,manual_hook,1.3,0.0002,16,128,0.1,1.0,True,10,controls data_subsample + model_init + adapter_init + classifier_init + dataloader_shuffle
lora_ia3,roberta-base,rte,80,41,0.51985559566787,0.5270758122743683,True,914690,322560,592130,manual_hook,1.3,0.0002,16,128,0.1,1.0,True,10,controls data_subsample + model_init + adapter_init + classifier_init + dataloader_shuffle
lora_ia3,roberta-base,rte,320,31,0.555956678700361,0.5270758122743683,False,914690,322560,592130,manual_hook,4.8,0.0002,16,128,0.1,1.0,True,10,controls data_subsample + model_init + adapter_init + classifier_init + dataloader_shuffle
lora_ia3,roberta-base,rte,320,37,0.5667870036101083,0.5270758122743683,False,914690,322560,592130,manual_hook,5.1,0.0002,16,128,0.1,1.0,True,10,controls data_subsample + model_init + adapter_init + classifier_init + dataloader_shuffle
lora_ia3,roberta-base,rte,320,41,0.5090252707581228,0.5270758122743683,True,914690,322560,592130,manual_hook,6.6,0.0002,16,128,0.1,1.0,True,10,controls data_subsample + model_init + adapter_init + classifier_init + dataloader_shuffle
lora_ia3,roberta-base,rte,1280,31,0.6859205776173285,0.5270758122743683,False,914690,322560,592130,manual_hook,19.5,0.0002,16,128,0.1,1.0,True,10,controls data_subsample + model_init + adapter_init + classifier_init + dataloader_shuffle
lora_ia3,roberta-base,rte,1280,37,0.6787003610108303,0.5270758122743683,False,914690,322560,592130,manual_hook,19.6,0.0002,16,128,0.1,1.0,True,10,controls data_subsample + model_init + adapter_init + classifier_init + dataloader_shuffle
lora_ia3,roberta-base,rte,1280,41,0.7075812274368231,0.5270758122743683,False,914690,322560,592130,manual_hook,19.7,0.0002,16,128,0.1,1.0,True,10,controls data_subsample + model_init + adapter_init + classifier_init + dataloader_shuffle
lora_param_matched_r12,roberta-base,rte,80,31,0.5270758122743683,0.5270758122743683,False,1034498,442368,592130,,1.1,0.0002,16,128,0.1,1.0,True,10,controls data_subsample + model_init + adapter_init + classifier_init + dataloader_shuffle
lora_param_matched_r12,roberta-base,rte,80,37,0.5487364620938628,0.5270758122743683,False,1034498,442368,592130,,1.1,0.0002,16,128,0.1,1.0,True,10,controls data_subsample + model_init + adapter_init + classifier_init + dataloader_shuffle
lora_param_matched_r12,roberta-base,rte,80,41,0.5054151624548736,0.5270758122743683,True,1034498,442368,592130,,1.2,0.0002,16,128,0.1,1.0,True,10,controls data_subsample + model_init + adapter_init + classifier_init + dataloader_shuffle
lora_param_matched_r12,roberta-base,rte,320,31,0.5776173285198556,0.5270758122743683,False,1034498,442368,592130,,4.5,0.0002,16,128,0.1,1.0,True,10,controls data_subsample + model_init + adapter_init + classifier_init + dataloader_shuffle
lora_param_matched_r12,roberta-base,rte,320,37,0.555956678700361,0.5270758122743683,False,1034498,442368,592130,,4.2,0.0002,16,128,0.1,1.0,True,10,controls data_subsample + model_init + adapter_init + classifier_init + dataloader_shuffle
lora_param_matched_r12,roberta-base,rte,320,41,0.4981949458483754,0.5270758122743683,True,1034498,442368,592130,,5.2,0.0002,16,128,0.1,1.0,True,10,controls data_subsample + model_init + adapter_init + classifier_init + dataloader_shuffle
lora_param_matched_r12,roberta-base,rte,1280,31,0.7148014440433214,0.5270758122743683,False,1034498,442368,592130,,18.9,0.0002,16,128,0.1,1.0,True,10,controls data_subsample + model_init + adapter_init + classifier_init + dataloader_shuffle
lora_param_matched_r12,roberta-base,rte,1280,37,0.6895306859205776,0.5270758122743683,False,1034498,442368,592130,,21.3,0.0002,16,128,0.1,1.0,True,10,controls data_subsample + model_init + adapter_init + classifier_init + dataloader_shuffle
lora_param_matched_r12,roberta-base,rte,1280,41,0.7111913357400722,0.5270758122743683,False,1034498,442368,592130,,18.4,0.0002,16,128,0.1,1.0,True,10,controls data_subsample + model_init + adapter_init + classifier_init + dataloader_shuffle
bitfit,roberta-base,sst2,80,31,0.5091743119266054,0.5091743119266054,False,694274,102144,592130,,0.9,0.0002,16,128,0.1,1.0,True,10,controls data_subsample + model_init + adapter_init + classifier_init + dataloader_shuffle
bitfit,roberta-base,sst2,80,37,0.5091743119266054,0.5091743119266054,False,694274,102144,592130,,1.1,0.0002,16,128,0.1,1.0,True,10,controls data_subsample + model_init + adapter_init + classifier_init + dataloader_shuffle
bitfit,roberta-base,sst2,80,41,0.5091743119266054,0.5091743119266054,False,694274,102144,592130,,0.9,0.0002,16,128,0.1,1.0,True,10,controls data_subsample + model_init + adapter_init + classifier_init + dataloader_shuffle
bitfit,roberta-base,sst2,320,31,0.5091743119266054,0.5091743119266054,False,694274,102144,592130,,4.1,0.0002,16,128,0.1,1.0,True,10,controls data_subsample + model_init + adapter_init + classifier_init + dataloader_shuffle
bitfit,roberta-base,sst2,320,37,0.5091743119266054,0.5091743119266054,False,694274,102144,592130,,3.4,0.0002,16,128,0.1,1.0,True,10,controls data_subsample + model_init + adapter_init + classifier_init + dataloader_shuffle
bitfit,roberta-base,sst2,320,41,0.5091743119266054,0.5091743119266054,False,694274,102144,592130,,3.3,0.0002,16,128,0.1,1.0,True,10,controls data_subsample + model_init + adapter_init + classifier_init + dataloader_shuffle
bitfit,roberta-base,sst2,1280,31,0.8944954128440367,0.5091743119266054,False,694274,102144,592130,,14.6,0.0002,16,128,0.1,1.0,True,10,controls data_subsample + model_init + adapter_init + classifier_init + dataloader_shuffle
bitfit,roberta-base,sst2,1280,37,0.893348623853211,0.5091743119266054,False,694274,102144,592130,,13.9,0.0002,16,128,0.1,1.0,True,10,controls data_subsample + model_init + adapter_init + classifier_init + dataloader_shuffle
bitfit,roberta-base,sst2,1280,41,0.8910550458715596,0.5091743119266054,False,694274,102144,592130,,11.9,0.0002,16,128,0.1,1.0,True,10,controls data_subsample + model_init + adapter_init + classifier_init + dataloader_shuffle
bitfit_ia3,roberta-base,sst2,80,31,0.5091743119266054,0.5091743119266054,False,722692,129792,592900,peft_native,1.6,0.0002,16,128,0.1,1.0,True,10,controls data_subsample + model_init + adapter_init + classifier_init + dataloader_shuffle
bitfit_ia3,roberta-base,sst2,80,37,0.5091743119266054,0.5091743119266054,False,722692,129792,592900,peft_native,1.4,0.0002,16,128,0.1,1.0,True,10,controls data_subsample + model_init + adapter_init + classifier_init + dataloader_shuffle
bitfit_ia3,roberta-base,sst2,80,41,0.5091743119266054,0.5091743119266054,False,722692,129792,592900,peft_native,1.6,0.0002,16,128,0.1,1.0,True,10,controls data_subsample + model_init + adapter_init + classifier_init + dataloader_shuffle
bitfit_ia3,roberta-base,sst2,320,31,0.5091743119266054,0.5091743119266054,False,722692,129792,592900,peft_native,4.7,0.0002,16,128,0.1,1.0,True,10,controls data_subsample + model_init + adapter_init + classifier_init + dataloader_shuffle
bitfit_ia3,roberta-base,sst2,320,37,0.5103211009174312,0.5091743119266054,False,722692,129792,592900,peft_native,5.0,0.0002,16,128,0.1,1.0,True,10,controls data_subsample + model_init + adapter_init + classifier_init + dataloader_shuffle
bitfit_ia3,roberta-base,sst2,320,41,0.5091743119266054,0.5091743119266054,False,722692,129792,592900,peft_native,4.7,0.0002,16,128,0.1,1.0,True,10,controls data_subsample + model_init + adapter_init + classifier_init + dataloader_shuffle
bitfit_ia3,roberta-base,sst2,1280,31,0.9013761467889908,0.5091743119266054,False,722692,129792,592900,peft_native,17.6,0.0002,16,128,0.1,1.0,True,10,controls data_subsample + model_init + adapter_init + classifier_init + dataloader_shuffle
bitfit_ia3,roberta-base,sst2,1280,37,0.8956422018348624,0.5091743119266054,False,722692,129792,592900,peft_native,17.6,0.0002,16,128,0.1,1.0,True,10,controls data_subsample + model_init + adapter_init + classifier_init + dataloader_shuffle
bitfit_ia3,roberta-base,sst2,1280,41,0.8910550458715596,0.5091743119266054,False,722692,129792,592900,peft_native,18.9,0.0002,16,128,0.1,1.0,True,10,controls data_subsample + model_init + adapter_init + classifier_init + dataloader_shuffle
ia3,roberta-base,sst2,80,31,0.5091743119266054,0.5091743119266054,False,619778,27648,592130,peft_native,1.4,0.0002,16,128,0.1,1.0,True,10,controls data_subsample + model_init + adapter_init + classifier_init + dataloader_shuffle
ia3,roberta-base,sst2,80,37,0.5091743119266054,0.5091743119266054,False,619778,27648,592130,peft_native,1.3,0.0002,16,128,0.1,1.0,True,10,controls data_subsample + model_init + adapter_init + classifier_init + dataloader_shuffle
ia3,roberta-base,sst2,80,41,0.5091743119266054,0.5091743119266054,False,619778,27648,592130,peft_native,1.2,0.0002,16,128,0.1,1.0,True,10,controls data_subsample + model_init + adapter_init + classifier_init + dataloader_shuffle
ia3,roberta-base,sst2,320,31,0.5091743119266054,0.5091743119266054,False,619778,27648,592130,peft_native,5.1,0.0002,16,128,0.1,1.0,True,10,controls data_subsample + model_init + adapter_init + classifier_init + dataloader_shuffle
ia3,roberta-base,sst2,320,37,0.5091743119266054,0.5091743119266054,False,619778,27648,592130,peft_native,4.5,0.0002,16,128,0.1,1.0,True,10,controls data_subsample + model_init + adapter_init + classifier_init + dataloader_shuffle
ia3,roberta-base,sst2,320,41,0.5091743119266054,0.5091743119266054,False,619778,27648,592130,peft_native,4.7,0.0002,16,128,0.1,1.0,True,10,controls data_subsample + model_init + adapter_init + classifier_init + dataloader_shuffle
ia3,roberta-base,sst2,1280,31,0.731651376146789,0.5091743119266054,False,619778,27648,592130,peft_native,18.9,0.0002,16,128,0.1,1.0,True,10,controls data_subsample + model_init + adapter_init + classifier_init + dataloader_shuffle
ia3,roberta-base,sst2,1280,37,0.7580275229357798,0.5091743119266054,False,619778,27648,592130,peft_native,16.7,0.0002,16,128,0.1,1.0,True,10,controls data_subsample + model_init + adapter_init + classifier_init + dataloader_shuffle
ia3,roberta-base,sst2,1280,41,0.6938073394495413,0.5091743119266054,False,619778,27648,592130,peft_native,16.2,0.0002,16,128,0.1,1.0,True,10,controls data_subsample + model_init + adapter_init + classifier_init + dataloader_shuffle
lora,roberta-base,sst2,80,31,0.5091743119266054,0.5091743119266054,False,887042,294912,592130,,1.3,0.0002,16,128,0.1,1.0,True,10,controls data_subsample + model_init + adapter_init + classifier_init + dataloader_shuffle
lora,roberta-base,sst2,80,37,0.5091743119266054,0.5091743119266054,False,887042,294912,592130,,1.5,0.0002,16,128,0.1,1.0,True,10,controls data_subsample + model_init + adapter_init + classifier_init + dataloader_shuffle
lora,roberta-base,sst2,80,41,0.5091743119266054,0.5091743119266054,False,887042,294912,592130,,1.3,0.0002,16,128,0.1,1.0,True,10,controls data_subsample + model_init + adapter_init + classifier_init + dataloader_shuffle
lora,roberta-base,sst2,320,31,0.8669724770642202,0.5091743119266054,False,887042,294912,592130,,5.3,0.0002,16,128,0.1,1.0,True,10,controls data_subsample + model_init + adapter_init + classifier_init + dataloader_shuffle
lora,roberta-base,sst2,320,37,0.8704128440366973,0.5091743119266054,False,887042,294912,592130,,4.7,0.0002,16,128,0.1,1.0,True,10,controls data_subsample + model_init + adapter_init + classifier_init + dataloader_shuffle
lora,roberta-base,sst2,320,41,0.8795871559633027,0.5091743119266054,False,887042,294912,592130,,5.2,0.0002,16,128,0.1,1.0,True,10,controls data_subsample + model_init + adapter_init + classifier_init + dataloader_shuffle
lora,roberta-base,sst2,1280,31,0.9071100917431193,0.5091743119266054,False,887042,294912,592130,,17.5,0.0002,16,128,0.1,1.0,True,10,controls data_subsample + model_init + adapter_init + classifier_init + dataloader_shuffle
lora,roberta-base,sst2,1280,37,0.9094036697247706,0.5091743119266054,False,887042,294912,592130,,18.0,0.0002,16,128,0.1,1.0,True,10,controls data_subsample + model_init + adapter_init + classifier_init + dataloader_shuffle
lora,roberta-base,sst2,1280,41,0.9036697247706422,0.5091743119266054,False,887042,294912,592130,,17.0,0.0002,16,128,0.1,1.0,True,10,controls data_subsample + model_init + adapter_init + classifier_init + dataloader_shuffle
lora_bitfit,roberta-base,sst2,80,31,0.5091743119266054,0.5091743119266054,False,989956,397056,592900,,1.8,0.0002,16,128,0.1,1.0,True,10,controls data_subsample + model_init + adapter_init + classifier_init + dataloader_shuffle
lora_bitfit,roberta-base,sst2,80,37,0.5091743119266054,0.5091743119266054,False,989956,397056,592900,,1.5,0.0002,16,128,0.1,1.0,True,10,controls data_subsample + model_init + adapter_init + classifier_init + dataloader_shuffle
lora_bitfit,roberta-base,sst2,80,41,0.5091743119266054,0.5091743119266054,False,989956,397056,592900,,1.5,0.0002,16,128,0.1,1.0,True,10,controls data_subsample + model_init + adapter_init + classifier_init + dataloader_shuffle
lora_bitfit,roberta-base,sst2,320,31,0.8658256880733946,0.5091743119266054,False,989956,397056,592900,,5.2,0.0002,16,128,0.1,1.0,True,10,controls data_subsample + model_init + adapter_init + classifier_init + dataloader_shuffle
lora_bitfit,roberta-base,sst2,320,37,0.8704128440366973,0.5091743119266054,False,989956,397056,592900,,5.2,0.0002,16,128,0.1,1.0,True,10,controls data_subsample + model_init + adapter_init + classifier_init + dataloader_shuffle
lora_bitfit,roberta-base,sst2,320,41,0.8784403669724771,0.5091743119266054,False,989956,397056,592900,,5.4,0.0002,16,128,0.1,1.0,True,10,controls data_subsample + model_init + adapter_init + classifier_init + dataloader_shuffle
lora_bitfit,roberta-base,sst2,1280,31,0.9094036697247706,0.5091743119266054,False,989956,397056,592900,,21.0,0.0002,16,128,0.1,1.0,True,10,controls data_subsample + model_init + adapter_init + classifier_init + dataloader_shuffle
lora_bitfit,roberta-base,sst2,1280,37,0.9151376146788991,0.5091743119266054,False,989956,397056,592900,,21.2,0.0002,16,128,0.1,1.0,True,10,controls data_subsample + model_init + adapter_init + classifier_init + dataloader_shuffle
lora_bitfit,roberta-base,sst2,1280,41,0.908256880733945,0.5091743119266054,False,989956,397056,592900,,19.6,0.0002,16,128,0.1,1.0,True,10,controls data_subsample + model_init + adapter_init + classifier_init + dataloader_shuffle
lora_bitfit_ia3,roberta-base,sst2,80,31,0.5091743119266054,0.5091743119266054,False,1017604,424704,592900,manual_hook,1.8,0.0002,16,128,0.1,1.0,True,10,controls data_subsample + model_init + adapter_init + classifier_init + dataloader_shuffle
lora_bitfit_ia3,roberta-base,sst2,80,37,0.5091743119266054,0.5091743119266054,False,1017604,424704,592900,manual_hook,1.7,0.0002,16,128,0.1,1.0,True,10,controls data_subsample + model_init + adapter_init + classifier_init + dataloader_shuffle
lora_bitfit_ia3,roberta-base,sst2,80,41,0.5091743119266054,0.5091743119266054,False,1017604,424704,592900,manual_hook,1.9,0.0002,16,128,0.1,1.0,True,10,controls data_subsample + model_init + adapter_init + classifier_init + dataloader_shuffle
lora_bitfit_ia3,roberta-base,sst2,320,31,0.8715596330275229,0.5091743119266054,False,1017604,424704,592900,manual_hook,5.8,0.0002,16,128,0.1,1.0,True,10,controls data_subsample + model_init + adapter_init + classifier_init + dataloader_shuffle
lora_bitfit_ia3,roberta-base,sst2,320,37,0.8681192660550459,0.5091743119266054,False,1017604,424704,592900,manual_hook,5.7,0.0002,16,128,0.1,1.0,True,10,controls data_subsample + model_init + adapter_init + classifier_init + dataloader_shuffle
lora_bitfit_ia3,roberta-base,sst2,320,41,0.8761467889908257,0.5091743119266054,False,1017604,424704,592900,manual_hook,5.9,0.0002,16,128,0.1,1.0,True,10,controls data_subsample + model_init + adapter_init + classifier_init + dataloader_shuffle
lora_bitfit_ia3,roberta-base,sst2,1280,31,0.9048165137614679,0.5091743119266054,False,1017604,424704,592900,manual_hook,21.9,0.0002,16,128,0.1,1.0,True,10,controls data_subsample + model_init + adapter_init + classifier_init + dataloader_shuffle
lora_bitfit_ia3,roberta-base,sst2,1280,37,0.9139908256880734,0.5091743119266054,False,1017604,424704,592900,manual_hook,22.6,0.0002,16,128,0.1,1.0,True,10,controls data_subsample + model_init + adapter_init + classifier_init + dataloader_shuffle
lora_bitfit_ia3,roberta-base,sst2,1280,41,0.9105504587155964,0.5091743119266054,False,1017604,424704,592900,manual_hook,26.7,0.0002,16,128,0.1,1.0,True,10,controls data_subsample + model_init + adapter_init + classifier_init + dataloader_shuffle
lora_ia3,roberta-base,sst2,80,31,0.5091743119266054,0.5091743119266054,False,914690,322560,592130,manual_hook,1.8,0.0002,16,128,0.1,1.0,True,10,controls data_subsample + model_init + adapter_init + classifier_init + dataloader_shuffle
lora_ia3,roberta-base,sst2,80,37,0.5091743119266054,0.5091743119266054,False,914690,322560,592130,manual_hook,1.5,0.0002,16,128,0.1,1.0,True,10,controls data_subsample + model_init + adapter_init + classifier_init + dataloader_shuffle
lora_ia3,roberta-base,sst2,80,41,0.5091743119266054,0.5091743119266054,False,914690,322560,592130,manual_hook,1.9,0.0002,16,128,0.1,1.0,True,10,controls data_subsample + model_init + adapter_init + classifier_init + dataloader_shuffle
lora_ia3,roberta-base,sst2,320,31,0.8669724770642202,0.5091743119266054,False,914690,322560,592130,manual_hook,5.0,0.0002,16,128,0.1,1.0,True,10,controls data_subsample + model_init + adapter_init + classifier_init + dataloader_shuffle
lora_ia3,roberta-base,sst2,320,37,0.8704128440366973,0.5091743119266054,False,914690,322560,592130,manual_hook,5.0,0.0002,16,128,0.1,1.0,True,10,controls data_subsample + model_init + adapter_init + classifier_init + dataloader_shuffle
lora_ia3,roberta-base,sst2,320,41,0.8818807339449541,0.5091743119266054,False,914690,322560,592130,manual_hook,6.1,0.0002,16,128,0.1,1.0,True,10,controls data_subsample + model_init + adapter_init + classifier_init + dataloader_shuffle
lora_ia3,roberta-base,sst2,1280,31,0.9071100917431193,0.5091743119266054,False,914690,322560,592130,manual_hook,19.9,0.0002,16,128,0.1,1.0,True,10,controls data_subsample + model_init + adapter_init + classifier_init + dataloader_shuffle
lora_ia3,roberta-base,sst2,1280,37,0.9128440366972477,0.5091743119266054,False,914690,322560,592130,manual_hook,19.7,0.0002,16,128,0.1,1.0,True,10,controls data_subsample + model_init + adapter_init + classifier_init + dataloader_shuffle
lora_ia3,roberta-base,sst2,1280,41,0.9048165137614679,0.5091743119266054,False,914690,322560,592130,manual_hook,19.1,0.0002,16,128,0.1,1.0,True,10,controls data_subsample + model_init + adapter_init + classifier_init + dataloader_shuffle
lora_param_matched_r12,roberta-base,sst2,80,31,0.5091743119266054,0.5091743119266054,False,1034498,442368,592130,,1.5,0.0002,16,128,0.1,1.0,True,10,controls data_subsample + model_init + adapter_init + classifier_init + dataloader_shuffle
lora_param_matched_r12,roberta-base,sst2,80,37,0.5091743119266054,0.5091743119266054,False,1034498,442368,592130,,1.3,0.0002,16,128,0.1,1.0,True,10,controls data_subsample + model_init + adapter_init + classifier_init + dataloader_shuffle
lora_param_matched_r12,roberta-base,sst2,80,41,0.5091743119266054,0.5091743119266054,False,1034498,442368,592130,,1.8,0.0002,16,128,0.1,1.0,True,10,controls data_subsample + model_init + adapter_init + classifier_init + dataloader_shuffle
lora_param_matched_r12,roberta-base,sst2,320,31,0.875,0.5091743119266054,False,1034498,442368,592130,,4.5,0.0002,16,128,0.1,1.0,True,10,controls data_subsample + model_init + adapter_init + classifier_init + dataloader_shuffle
lora_param_matched_r12,roberta-base,sst2,320,37,0.8727064220183486,0.5091743119266054,False,1034498,442368,592130,,5.0,0.0002,16,128,0.1,1.0,True,10,controls data_subsample + model_init + adapter_init + classifier_init + dataloader_shuffle
lora_param_matched_r12,roberta-base,sst2,320,41,0.8818807339449541,0.5091743119266054,False,1034498,442368,592130,,4.5,0.0002,16,128,0.1,1.0,True,10,controls data_subsample + model_init + adapter_init + classifier_init + dataloader_shuffle
lora_param_matched_r12,roberta-base,sst2,1280,31,0.9094036697247706,0.5091743119266054,False,1034498,442368,592130,,16.9,0.0002,16,128,0.1,1.0,True,10,controls data_subsample + model_init + adapter_init + classifier_init + dataloader_shuffle
lora_param_matched_r12,roberta-base,sst2,1280,37,0.908256880733945,0.5091743119266054,False,1034498,442368,592130,,20.3,0.0002,16,128,0.1,1.0,True,10,controls data_subsample + model_init + adapter_init + classifier_init + dataloader_shuffle
lora_param_matched_r12,roberta-base,sst2,1280,41,0.9059633027522935,0.5091743119266054,False,1034498,442368,592130,,18.0,0.0002,16,128,0.1,1.0,True,10,controls data_subsample + model_init + adapter_init + classifier_init + dataloader_shuffle
